{"type":"View","props":{"width":720,"height":1280},"compId":2,"child":[{"type":"Image","props":{"y":0,"x":0,"width":720,"var":"Background","skin":"Frame/UI/ui_orthogon_black.png","sizeGrid":"5,6,5,10","name":"Background","height":1280,"alpha":0.7},"compId":8},{"type":"Sprite","props":{"y":640,"x":362,"width":598,"var":"SceneContent","pivotY":451,"pivotX":299,"name":"SceneContent","height":902,"alpha":1},"compId":10,"child":[{"type":"Image","props":{"y":35,"x":-4,"width":604,"skin":"UI/Common/dikuang.png","sizeGrid":"36,38,66,36","height":718,"alpha":1},"compId":62},{"type":"Sprite","props":{"y":50,"x":574,"width":72,"var":"BtnBack","texture":"UI/Common/X.png","pivotY":36,"pivotX":36,"name":"BtnBack","height":72},"compId":97},{"type":"Sprite","props":{"y":-5,"x":165,"texture":"UI/Common/biaotidi.png"},"compId":99,"child":[{"type":"Sprite","props":{"y":22.75,"x":51.75,"texture":"UI/CheckIn/biaoti.png"},"compId":100}]},{"type":"List","props":{"y":81,"x":16,"width":564,"var":"CheckList","spaceY":-23,"spaceX":-22,"repeatY":2,"repeatX":3,"name":"CheckList","height":422},"compId":73,"child":[{"type":"Box","props":{"y":113,"x":97,"width":206,"renderType":"render","pivotY":113,"pivotX":103,"height":226},"compId":72,"child":[{"type":"Image","props":{"y":22,"x":23,"width":160,"skin":"UI/Common/kuang2.png","sizeGrid":"37,0,57,0","name":"Pic_Board","height":181},"compId":67},{"type":"Image","props":{"y":78,"x":64,"width":81,"skin":"UI/GameStart/qian.png","name":"Pic_Gold","height":60},"compId":70},{"type":"Label","props":{"y":144,"x":54,"width":98,"valign":"middle","underlineColor":"#ffffff","text":"x25","strokeColor":"#ffffff","stroke":5,"rotation":0,"name":"Num","height":48,"fontSize":30,"font":"Microsoft YaHei","color":"#367a21","bold":true,"align":"center"},"compId":84},{"type":"Label","props":{"y":38,"x":68,"width":62,"valign":"middle","text":"第一天","name":"DayNum","height":29,"fontSize":22,"color":"#ffffff","bold":true,"align":"center"},"compId":101},{"type":"Label","props":{"y":102.5,"x":55,"width":96,"text":"已领取","name":"ChinkTip","height":33,"fontSize":30,"color":"#ffffff","bold":true},"compId":102}]}]},{"type":"Sprite","props":{"y":847.5,"x":295,"var":"BtnTenGet","texture":"UI/Common/anniu.png","pivotY":66,"pivotX":144,"name":"BtnTenGet"},"compId":74,"child":[{"type":"Sprite","props":{"y":12.5,"x":204,"texture":"UI/Common/shipin.png"},"compId":75},{"type":"Sprite","props":{"y":45,"x":31,"texture":"UI/CheckIn/txt_lingqu.png"},"compId":103}]},{"type":"Sprite","props":{"y":847.5,"x":295,"var":"BtnGet","texture":"UI/Common/anniu.png","pivotY":66,"pivotX":144,"name":"BtnGet"},"compId":104,"child":[{"type":"Sprite","props":{"y":44.5,"x":65,"texture":"UI/CheckIn/txt_lingqu.png"},"compId":106}]},{"type":"Sprite","props":{"y":976,"x":292,"width":227,"var":"Select","pivotY":14,"pivotX":114,"name":"Select","height":27},"compId":77,"child":[{"type":"Sprite","props":{"y":-6,"x":7,"texture":"UI/CheckIn/wordsthree.png"},"compId":91},{"type":"Sprite","props":{"y":-5,"x":-24,"var":"BtnSelect","texture":"UI/Common/yuan1.png","name":"BtnSelect"},"compId":108},{"type":"Sprite","props":{"y":3,"x":-16,"width":16,"var":"Dot","texture":"UI/Common/yuan2.png","name":"Dot","height":16},"compId":109}]},{"type":"Image","props":{"y":597,"x":298,"width":527,"var":"BtnSeven","skin":"UI/Common/kuang2.png","sizeGrid":"0,42,0,35","pivotY":90,"pivotX":264,"name":"BtnSeven","height":180},"compId":85,"child":[{"type":"Image","props":{"y":55,"x":228,"width":83,"skin":"UI/CheckIn/qian.png","name":"Pic_Gold","height":65},"compId":87},{"type":"Label","props":{"y":127.5,"x":197.5,"width":140,"valign":"middle","underlineColor":"#ffffff","text":"x1000","strokeColor":"#ffffff","stroke":5,"name":"Num","height":36,"fontSize":40,"font":"Microsoft YaHei","color":"#367a21","bold":true,"align":"center"},"compId":88},{"type":"Label","props":{"y":19,"x":224.5,"width":89,"valign":"middle","text":"第七天","name":"DayNum","height":35,"fontSize":22,"color":"#ffffff","bold":true,"align":"center"},"compId":110},{"type":"Label","props":{"y":79,"x":221,"width":96,"text":"已领取","name":"ChinkTip","height":33,"fontSize":30,"color":"#ffffff","bold":true},"compId":111}]}]},{"type":"Script","props":{"runtime":"script/Game/UICheckIn.ts"},"compId":95}],"loadList":["Frame/UI/ui_orthogon_black.png","UI/Common/dikuang.png","UI/Common/X.png","UI/Common/biaotidi.png","UI/CheckIn/biaoti.png","UI/Common/kuang2.png","UI/GameStart/qian.png","UI/Common/anniu.png","UI/Common/shipin.png","UI/CheckIn/txt_lingqu.png","UI/CheckIn/wordsthree.png","UI/Common/yuan1.png","UI/Common/yuan2.png","UI/CheckIn/qian.png"],"loadList3D":[]}