{"type":"View","props":{"width":720,"height":1280},"compId":2,"child":[{"type":"Image","props":{"y":0,"x":4,"width":720,"var":"Background","skin":"Frame/UI/ui_orthogon_black.png","sizeGrid":"22,22,32,22","name":"Background","height":1650,"alpha":0.7},"compId":4},{"type":"Sprite","props":{"y":267,"x":48.5,"width":631,"var":"SceneContent","name":"SceneContent","height":795},"compId":3,"child":[{"type":"Image","props":{"y":214,"x":44,"width":538,"skin":"UI/Common/dikuang.png","sizeGrid":"43,37,50,50","height":340},"compId":7,"child":[{"type":"Sprite","props":{"y":139,"x":269,"width":438,"texture":"UI/EasterEgg_Aotoman/Hint/zi.png","pivotY":55,"pivotX":219,"height":110},"compId":8}]},{"type":"Sprite","props":{"y":667,"x":313,"width":288,"var":"BtnConfirm","texture":"UI/Common/anniu.png","pivotY":64,"pivotX":144,"name":"BtnConfirm","height":128},"compId":5,"child":[{"type":"Label","props":{"y":26.5,"x":68,"width":154,"valign":"middle","text":"确认","height":75,"fontSize":60,"color":"#e46415","align":"center"},"compId":6}]}]}],"loadList":["Frame/UI/ui_orthogon_black.png","UI/Common/dikuang.png","UI/EasterEgg_Aotoman/Hint/zi.png","UI/Common/anniu.png"],"loadList3D":[]}