{"type":"View","props":{"width":720,"height":1280},"compId":2,"child":[{"type":"Script","props":{"y":0,"x":0,"TaskProgress":"@Prefab:Prefab/TaskProgress.prefab","Prefab":"@Prefab:Prefab/TaskProgress.prefab","runtime":"script/Game/UIOperation.ts"},"compId":3},{"type":"Sprite","props":{"y":987,"x":343,"width":134,"var":"Rocker","texture":"Frame/UI/ui_circle_006.png","pivotY":67,"pivotX":67,"name":"Rocker","height":134,"alpha":0},"compId":4},{"type":"Sprite","props":{"y":1103,"x":627,"width":190,"var":"BtnLast","texture":"UI/GameMain/xiayibu.png","pivotY":54,"pivotX":95,"name":"BtnLast","height":108},"compId":5},{"type":"Sprite","props":{"y":112,"x":379,"width":16,"var":"TaskBar","pivotY":16,"pivotX":204,"name":"TaskBar","height":16},"compId":10}],"loadList":["Prefab/TaskProgress.prefab","Frame/UI/ui_circle_006.png","UI/GameMain/xiayibu.png"],"loadList3D":[]}