{"type":"View","props":{"width":720,"height":1280},"compId":2,"child":[{"type":"Image","props":{"y":657,"x":360,"width":720,"var":"Background","skin":"Frame/UI/ui_orthogon_black.png","sizeGrid":"38,16,32,29","pivotY":652,"pivotX":360,"name":"Background","height":1280,"alpha":0.7},"compId":22},{"type":"Sprite","props":{"y":625,"x":360,"width":531,"var":"SceneContent","pivotY":195,"pivotX":266,"name":"SceneContent","height":390,"alpha":1},"compId":9,"child":[{"type":"Image","props":{"y":35,"x":-6,"width":545,"skin":"UI/Common/dikuang.png","sizeGrid":"37,40,55,32","height":357},"compId":25},{"type":"Sprite","props":{"y":-8,"x":133.5,"texture":"UI/Common/biaotidi-2.png"},"compId":43},{"type":"Sprite","props":{"y":199,"x":349,"width":103,"var":"BtnAudio","texture":"UI/Set/yinxiao.png","pivotY":51,"pivotX":52,"name":"BtnAudio","height":102,"alpha":1},"compId":18,"child":[{"type":"Image","props":{"y":14,"x":26.5,"var":"AudioOff","skin":"UI/Set/cha.png","name":"AudioOff"},"compId":19}]},{"type":"Sprite","props":{"y":201,"x":176,"width":103,"var":"BtnBgm","texture":"UI/Set/shengyin.png","pivotY":51,"pivotX":52,"name":"BtnBgm","height":102,"alpha":1},"compId":14,"child":[{"type":"Image","props":{"y":41,"x":51.5,"var":"BgmOff","skin":"UI/Set/cha.png","name":"BgmOff","anchorY":0.5,"anchorX":0.5},"compId":16}]},{"type":"Sprite","props":{"y":48,"x":514,"width":72,"var":"BtnClose","texture":"UI/Common/X.png","pivotY":36,"pivotX":36,"name":"BtnClose","height":72},"compId":12},{"type":"Sprite","props":{"y":15,"x":220.5,"var":"Name","texture":"UI/Set/biaoti.png","name":"Name"},"compId":8},{"type":"Sprite","props":{"y":319,"x":268,"width":234,"visible":false,"var":"BtnAgreement","texture":"UI/Set/tioalv.png","pivotY":12,"pivotX":117,"name":"BtnAgreement","height":23},"compId":40}]},{"type":"Script","props":{"y":3,"x":0,"runtime":"script/Game/UISet.ts"},"compId":21}],"loadList":["Frame/UI/ui_orthogon_black.png","UI/Common/dikuang.png","UI/Common/biaotidi-2.png","UI/Set/yinxiao.png","UI/Set/cha.png","UI/Set/shengyin.png","UI/Common/X.png","UI/Set/biaoti.png","UI/Set/tioalv.png"],"loadList3D":[]}