{"type":"View","props":{"width":720,"top":0,"right":0,"left":0,"height":1280,"bottom":0},"compId":2,"child":[{"type":"Image","props":{"y":0,"x":0,"var":"Background","skin":"Frame/UI/ui_orthogon_black.png","sizeGrid":"35,18,21,20","name":"Background","alpha":0.7},"compId":132},{"type":"Sprite","props":{"y":259,"x":60,"width":603,"var":"SceneContent","name":"SceneContent","height":880},"compId":164,"child":[{"type":"Image","props":{"y":7,"x":-1,"width":606,"skin":"UI/Common/dikuang.png","sizeGrid":"29,32,54,34","height":883,"alpha":1},"compId":149},{"type":"Image","props":{"y":-32,"x":168,"width":264,"skin":"UI/Common/biaotidi-2.png","height":86},"compId":150,"child":[{"type":"Sprite","props":{"y":23.5,"x":52.5,"texture":"UI/Task/biaoti.png"},"compId":151}]},{"type":"List","props":{"y":88,"x":28,"var":"TaskList","repeatY":5,"name":"TaskList"},"compId":162,"child":[{"type":"Box","props":{"y":0,"x":0,"width":545,"renderType":"render","height":147},"compId":161,"child":[{"type":"Image","props":{"y":0,"x":0,"width":545,"skin":"UI/Task/di.png","sizeGrid":"0,36,0,48","name":"Board","height":140,"alpha":1},"compId":152},{"type":"Label","props":{"y":53,"x":136,"width":224,"var":"Name","valign":"middle","text":"每日登陆游戏","pivotY":19,"name":"Name","height":37,"fontSize":28,"color":"#ffffff","bold":true,"align":"left"},"compId":153},{"type":"Sprite","props":{"y":23,"x":22,"texture":"UI/Task/kuang.png","alpha":1},"compId":155},{"type":"Sprite","props":{"y":84,"x":141,"var":"Progress","texture":"UI/Task/jindu1.png","name":"Progress"},"compId":157},{"type":"Image","props":{"y":97,"x":141,"width":169,"var":"ProgressBar","skin":"UI/Task/jindu2.png","sizeGrid":"0,14,0,12","scaleX":1,"pivotY":13,"name":"ProgressBar","height":25},"compId":156},{"type":"Label","props":{"y":84.5,"x":180.5,"width":90,"valign":"middle","text":"1/2","name":"ProNum","height":25,"fontSize":18,"bold":true,"align":"center"},"compId":167},{"type":"Image","props":{"y":75,"x":453,"width":139,"var":"BtnGet","skin":"UI/Shop/icon_ads.png","pivotY":36,"pivotX":70,"name":"BtnGet","height":72},"compId":158},{"type":"Label","props":{"y":108,"x":79,"width":87,"var":"AwardNum","valign":"middle","text":"x45","strokeColor":"#ffffff","stroke":2,"pivotY":11,"pivotX":51,"name":"AwardNum","height":21,"fontSize":20,"color":"#216b18","bold":true,"align":"right"},"compId":159},{"type":"Image","props":{"y":33,"x":28,"var":"AwardPic","skin":"UI/GameStart/qian.png","name":"AwardPic"},"compId":160},{"type":"Script","props":{"runtime":"script/Game/UITask_GetAward.ts"},"compId":166}]}]},{"type":"Sprite","props":{"y":23,"x":577,"width":72,"var":"BtnBack","texture":"UI/Common/X.png","pivotY":36,"pivotX":36,"name":"BtnBack","height":72},"compId":163}]},{"type":"Script","props":{"runtime":"script/Game/UITask.ts"},"compId":165}],"loadList":["Frame/UI/ui_orthogon_black.png","UI/Common/dikuang.png","UI/Common/biaotidi-2.png","UI/Task/biaoti.png","UI/Task/di.png","UI/Task/kuang.png","UI/Task/jindu1.png","UI/Task/jindu2.png","UI/Shop/icon_ads.png","UI/GameStart/qian.png","UI/Common/X.png"],"loadList3D":[]}