{"type":"View","props":{"width":720,"height":1280},"compId":2,"child":[{"type":"Image","props":{"y":640,"x":360,"width":720,"var":"Background","skin":"UI/Common/bg.png","pivotY":640,"pivotX":360,"name":"Background","height":1280,"alpha":1},"compId":4},{"type":"Sprite","props":{"y":640,"x":360,"width":720,"var":"SceneContent","texture":"UI/XDSkin/beijing.png","pivotY":640,"pivotX":360,"name":"SceneContent","height":1280},"compId":5,"child":[{"type":"Sprite","props":{"y":203,"x":361,"var":"Logo1","texture":"UI/XDSkin/biaoti.png","pivotY":34,"pivotX":241,"name":"Logo1","alpha":1},"compId":11},{"type":"Sprite","props":{"y":290,"x":360,"width":236,"texture":"UI/XDSkin/lingqu.png","pivotY":20,"pivotX":118,"name":"Logo2","height":39,"alpha":1},"compId":52},{"type":"Sprite","props":{"y":970,"x":359,"width":389,"var":"Word1","texture":"UI/XDSkin/txt_leiji.png","pivotY":20,"pivotX":195,"name":"Word1","height":40},"compId":53},{"type":"Sprite","props":{"y":534,"x":254,"var":"person","texture":"UI/Shop/Other/xiandanren.png","name":"person"},"compId":40},{"type":"Sprite","props":{"y":1134,"x":361,"var":"BtnGet","texture":"UI/Common/anniu.png","pivotY":71,"pivotX":144,"name":"BtnGet","alpha":1},"compId":27,"child":[{"type":"Sprite","props":{"y":44.5,"x":52,"texture":"UI/XDSkin/txt_huoqu.png"},"compId":54},{"type":"Sprite","props":{"y":12,"x":204,"texture":"UI/Common/shipin.png"},"compId":33}]},{"type":"Sprite","props":{"y":1024,"x":358,"width":294,"var":"Progress","pivotY":17,"pivotX":147,"name":"Progress","height":33},"compId":46,"child":[{"type":"Image","props":{"y":6,"x":11,"var":"Bar1","skin":"UI/XDSkin/tiao2.png","sizeGrid":"0,32,0,19","name":"Bar1"},"compId":56},{"type":"Image","props":{"y":5,"x":106,"width":82,"var":"Bar2","skin":"UI/XDSkin/tiao2.png","sizeGrid":"0,32,0,32","name":"Bar2","height":22},"compId":58},{"type":"Image","props":{"y":5,"x":202,"var":"Bar3","skin":"UI/XDSkin/tiao2.png","sizeGrid":"0,26,0,25","name":"Bar3"},"compId":59}]},{"type":"Sprite","props":{"y":1222,"x":360,"width":141,"var":"BtnBack","texture":"UI/XDSkin/txt_xiexie.png","pivotY":18,"pivotX":71,"name":"BtnBack","height":35},"compId":10}]},{"type":"Script","props":{"runtime":"script/Game/UIXDSkin.ts"},"compId":48}],"loadList":["UI/Common/bg.png","UI/XDSkin/beijing.png","UI/XDSkin/biaoti.png","UI/XDSkin/lingqu.png","UI/XDSkin/txt_leiji.png","UI/Shop/Other/xiandanren.png","UI/Common/anniu.png","UI/XDSkin/txt_huoqu.png","UI/Common/shipin.png","UI/XDSkin/tiao2.png","UI/XDSkin/txt_xiexie.png"],"loadList3D":[]}