{ 
"RECORDS": 
[
  {
    "name": "xiangsudao",
    "getway": "ads",
    "condition": 3,
    "resCondition": 0,
    "arrange": 6,
    "getOder": -1,
    "have": false
  },
  {
    "name": "tixudao",
    "getway": "free",
    "condition": -1,
    "resCondition": -1,
    "arrange": 1,
    "getOder": 1,
    "have": true
  },
  {
    "name": "ruwu",
    "getway": "gold",
    "condition": 500,
    "resCondition": 500,
    "arrange": 4,
    "getOder": 2,
    "have": false
  },
  {
    "name": "lifadao",
    "getway": "gold",
    "condition": 800,
    "resCondition": 800,
    "arrange": 3,
    "getOder": 3,
    "have": false
  },
  {
    "name": "jundao",
    "getway": "gold",
    "condition": 1000,
    "resCondition": 1000,
    "arrange": 2,
    "getOder": 4,
    "have": false
  },
  {
    "name": "tulongdao",
    "getway": "gold",
    "condition": 1200,
    "resCondition": 1200,
    "arrange": 5,
    "getOder": 5,
    "have": false
  }
]
}