{ 
"RECORDS": 
[
  {
    "name": "box1",
    "rewardType": "gold",
    "rewardNum": 20,
    "openState": false,
    "ads": false,
    "arrange": 1
  },
  {
    "name": "box2",
    "rewardType": "gold",
    "rewardNum": 30,
    "openState": false,
    "ads": false,
    "arrange": 2
  },
  {
    "name": "box3",
    "rewardType": "gold",
    "rewardNum": 50,
    "openState": false,
    "ads": false,
    "arrange": 3
  },
  {
    "name": "box4",
    "rewardType": "gold",
    "rewardNum": 100,
    "openState": false,
    "ads": false,
    "arrange": 4
  },
  {
    "name": "box5",
    "rewardType": "gold",
    "rewardNum": 20,
    "openState": false,
    "ads": false,
    "arrange": 5
  },
  {
    "name": "box6",
    "rewardType": "gold",
    "rewardNum": 30,
    "openState": false,
    "ads": false,
    "arrange": 6
  },
  {
    "name": "box7",
    "rewardType": "gold",
    "rewardNum": 40,
    "openState": false,
    "ads": false,
    "arrange": 7
  },
  {
    "name": "box8",
    "rewardType": "gold",
    "rewardNum": 100,
    "openState": false,
    "ads": false,
    "arrange": 8
  },
  {
    "name": "box9",
    "rewardType": "gold",
    "rewardNum": 60,
    "openState": false,
    "ads": false,
    "arrange": 9
  }
]
}