{ 
"RECORDS": 
[
  {
    "name": "anquanmao",
    "getway": "free",
    "condition": 0,
    "resCondition": 0,
    "arrange": 1,
    "getOder": 1,
    "have": true,
    "classify": "head"
  },
  {
    "name": "yuanyanjing",
    "getway": "gold",
    "condition": 500,
    "resCondition": 500,
    "arrange": 8,
    "getOder": 2,
    "have": false,
    "classify": "eye"
  },
  {
    "name": "jiemao_01",
    "getway": "gold",
    "condition": 800,
    "resCondition": 800,
    "arrange": 10,
    "getOder": 3,
    "have": false,
    "classify": "eye"
  },
  {
    "name": "hamajing",
    "getway": "gold",
    "condition": 1000,
    "resCondition": 1000,
    "arrange": 7,
    "getOder": 4,
    "have": false,
    "classify": "eye"
  },
  {
    "name": "yanshemao_gangtie",
    "getway": "gold",
    "condition": 1200,
    "resCondition": 1200,
    "arrange": 4,
    "getOder": 5,
    "have": false,
    "classify": "head"
  },
  {
    "name": "yanshemao",
    "getway": "gold",
    "condition": 1500,
    "resCondition": 1500,
    "arrange": 3,
    "getOder": 6,
    "have": false,
    "classify": "head"
  },
  {
    "name": "jiemao_02",
    "getway": "gold",
    "condition": 1800,
    "resCondition": 1800,
    "arrange": 11,
    "getOder": 7,
    "have": false,
    "classify": "eye"
  },
  {
    "name": "xiaochoumao",
    "getway": "ineedwin",
    "condition": 6,
    "resCondition": 0,
    "arrange": 2,
    "getOder": -1,
    "have": false,
    "classify": "head"
  },
  {
    "name": "xingxingyanjing",
    "getway": "ads",
    "condition": 1,
    "resCondition": 0,
    "arrange": 9,
    "getOder": -1,
    "have": false,
    "classify": "eye"
  },
  {
    "name": "yanshemao_shijie",
    "getway": "ads",
    "condition": 3,
    "resCondition": 0,
    "arrange": 5,
    "getOder": -1,
    "have": false,
    "classify": "head"
  },
  {
    "name": "maomaozi",
    "getway": "ads",
    "condition": 2,
    "resCondition": 0,
    "arrange": 6,
    "getOder": -1,
    "have": false,
    "classify": "head"
  }
]
}