{"RECORDS":[{"name":"day1","rewardType":"gold","rewardNum":200,"openState":false,"arrange":1},{"name":"day2","rewardType":"gold","rewardNum":300,"openState":false,"arrange":2},{"name":"day3","rewardType":"gold","rewardNum":400,"openState":false,"arrange":3},{"name":"day4","rewardType":"gold","rewardNum":400,"openState":false,"arrange":4},{"name":"day5","rewardType":"gold","rewardNum":500,"openState":false,"arrange":5},{"name":"day6","rewardType":"gold","rewardNum":500,"openState":false,"arrange":6},{"name":"day7","rewardType":"gold","rewardNum":1000,"openState":false,"arrange":7}]}