{"type":"View","props":{"width":720,"height":1280},"compId":2,"child":[{"type":"Script","props":{"runtime":"script/Game/UILoding.ts"},"compId":3},{"type":"Image","props":{"y":0,"x":0,"width":720,"var":"Bg","skin":"UI/Loding/bg.jpg","sizeGrid":"76,0,1224,0","pivotY":0,"pivotX":0,"name":"Bg","alpha":1},"compId":6},{"type":"Sprite","props":{"y":223,"x":354,"var":"Logo","texture":"UI/Loding/LOGO.png","pivotY":143,"pivotX":300,"name":"Logo"},"compId":7},{"type":"Sprite","props":{"y":977,"x":369,"width":478,"var":"Progress","pivotY":28,"pivotX":239,"name":"Progress","height":55},"compId":9,"child":[{"type":"Sprite","props":{"y":43,"x":7,"texture":"UI/Loding/pro_02.png","pivotY":28,"name":"Board"},"compId":10},{"type":"Image","props":{"y":17,"x":8,"var":"ProgressBar","skin":"UI/Loding/pro_01.png","sizeGrid":"0,18,0,17","name":"ProgressBar"},"compId":11,"child":[{"type":"Image","props":{"y":0,"x":-460,"var":"Mask","skin":"UI/Loding/pro_01.png","sizeGrid":"0,12,0,12","renderType":"mask","name":"Mask"},"compId":12}]},{"type":"Sprite","props":{"y":-43,"x":224,"width":134,"var":"Word","texture":"UI/Loding/word_Loding.png","pivotY":16,"pivotX":67,"name":"Word","height":32},"compId":8,"child":[{"type":"Label","props":{"y":11,"x":135,"width":45,"var":"Per","valign":"middle","text":"25%","name":"Per","height":20,"fontSize":20,"color":"#6b5d5d","bold":true,"align":"center"},"compId":16}]},{"type":"Sprite","props":{"y":26,"x":17,"width":65,"var":"Shear","pivotY":40,"pivotX":42,"name":"Shear","height":68},"compId":18,"child":[{"type":"Image","props":{"y":42,"x":42,"width":89,"var":"Shear_01","skin":"UI/Loding/icon_shear_01.png","pivotY":42,"pivotX":42,"name":"Shear_01","height":60},"compId":14},{"type":"Image","props":{"y":41,"x":44,"width":86,"var":"Shear_02","skin":"UI/Loding/icon_shear_02.png","rotation":0,"pivotY":23,"pivotX":42,"name":"Shear_02","height":64},"compId":15}]}]},{"type":"Image","props":{"y":1166,"x":49,"var":"FCM","skin":"UI/Loding/fangchenmi.png","name":"FCM"},"compId":33},{"type":"Image","props":{"x":29,"skin":"UI/Loding/laya.png","name":"Laya","bottom":24},"compId":34},{"type":"Sprite","props":{},"compId":36}],"loadList":["UI/Loding/bg.jpg","UI/Loding/LOGO.png","UI/Loding/pro_02.png","UI/Loding/pro_01.png","UI/Loding/word_Loding.png","UI/Loding/icon_shear_01.png","UI/Loding/icon_shear_02.png","UI/Loding/fangchenmi.png","UI/Loding/laya.png"],"loadList3D":[]}