{"RECORDS":[{"name":"1","useWhere":"scene1","content1":"给我来个帅气头","content2":"-1","max":1},{"name":"2","useWhere":"scene1","content1":"小二，上菜","content2":"额不对，上剪刀","max":2},{"name":"3","useWhere":"scene1","content1":"给我来个嗨造型","content2":"等下出去玩","max":2},{"name":"4","useWhere":"scene1","content1":"不办卡不做发型","content2":"我就剪个头","max":2},{"name":"5","useWhere":"scene1","content1":"我有至尊vip卡","content2":"服务好了钱管够","max":2},{"name":"6","useWhere":"scene2","content1":"等待时间好无聊","content2":"好想看个广告","max":2},{"name":"7","useWhere":"scene2","content1":"你这手艺真顶","content2":"比隔壁老王好","max":2},{"name":"8","useWhere":"scene2","content1":"可算过了正月了","content2":"今天剪个头","max":2},{"name":"9","useWhere":"scene2","content1":"理发三部曲","content2":"理发剃须看广告","max":2},{"name":"10","useWhere":"scene2","content1":"要想头发好","content2":"广告少不了","max":2},{"name":"11","useWhere":"scene2","content1":"今天二月二","content2":"给我剃龙头","max":2},{"name":"12","useWhere":"scene2","content1":"看到我黑卡了吗","content2":"好好剪不亏待你","max":2},{"name":"13","useWhere":"scene3","content1":"给我来顶帅气帽子","content2":"-1","max":1},{"name":"14","useWhere":"scene3","content1":"呀，我这脸蛋","content2":"需要个星星眼镜","max":2},{"name":"15","useWhere":"scene3","content1":"昨晚熬夜看剧了","content2":"给我来个眼镜遮着","max":2},{"name":"16","useWhere":"scene3","content1":"看我这脸庞","content2":"给帅哥来个胡子","max":2},{"name":"17","useWhere":"scene3","content1":"我想要个帽子","content2":"看广告的那一顶","max":2},{"name":"18","useWhere":"scene3","content1":"星星眼镜△","content2":"-1","max":1}]}