{"res/atlas/comp.atlas":["comp/",["btn_close.png","button.png","check_circle.png","checkbox.png","clip_num.png","clip_tree_arrow.png","clip_tree_folder.png","combobox.png","fontClip.png","fontClip_num.png","hscroll$bar.png","hscroll$down.png","hscroll$up.png","hscroll.png","hslider$bar.png","hslider.png","html.png","image.png","img_bg.png","img_bg2.png","img_bg3.png","img_bg4.png","img_bg5.png","img_blank.png","label.png","progress$bar.png","progress.png","radio.png","radiogroup.png","tab.png","textarea.png","textinput.png","vscroll$bar.png","vscroll$down.png","vscroll$up.png","vscroll.png","vslider$bar.png","vslider.png"]],"res/atlas/Frame/Effects.atlas":["Frame/Effects/",["cir_black.png","cir_blue.png","cir_bluish.png","cir_cyan.png","cir_grass.png","cir_green.png","cir_orange.png","cir_pink.png","cir_purple.png","cir_red.png","cir_white.png","cir_yellow.png","star_black.png","star_blue.png","star_bluish.png","star_cyan.png","star_grass.png","star_green.png","star_orange.png","star_pink.png","star_purple.png","star_red.png","star_white.png","star_yellow.png"]],"res/atlas/Frame/UI.atlas":["Frame/UI/",["ui_circle_001.png","ui_circle_002.png","ui_circle_003.png","ui_circle_004.png","ui_circle_005.png","ui_circle_006.png","ui_circle_007.png","ui_circle_008.png","ui_circle_009.png","ui_circle_010.png","ui_circle_011.png","ui_circle_012.png","ui_circle_c_001.png","ui_circle_c_002.png","ui_circle_c_003.png","ui_circle_c_004.png","ui_circle_c_005.png","ui_circle_c_006.png","ui_circle_c_007.png","ui_circle_c_008.png","ui_circle_c_009.png","ui_circle_c_010.png","ui_circle_c_011.png","ui_circle_c_012.png","ui_orthogon_black.png","ui_square_001.png","ui_square_002.png","ui_square_003.png","ui_square_004.png","ui_square_005.png","ui_square_006.png","ui_square_007.png","ui_square_008.png","ui_square_009.png","ui_square_010.png","ui_square_011.png","ui_square_012.png","ui_square_c_001.png","ui_square_c_002.png","ui_square_c_003.png","ui_square_c_004.png","ui_square_c_005.png","ui_square_c_006.png","ui_square_c_007.png","ui_square_c_008.png","ui_square_c_009.png","ui_square_c_010.png","ui_square_c_011.png","ui_square_c_012.png"]],"res/atlas/UI/Common.atlas":["UI/Common/",["AD.png","X.png","anniu.png","biaotidi-2.png","biaotidi.png","dikuang.png","fanhui.png","kaung1.png","kuang2.png","shipin.png","shuzi1.png","shuzi1x.png","shuzi2.png","shuzi3.png","shuzi4.png","shuzi5.png","shuzi5x.png","suo.png","xuanzhong.png","yeqian1.png","yeqian2.png","yuan1.png","yuan2.png"]],"res/atlas/UI/Congratulate.atlas":["UI/Congratulate/",["qiandui.png","sanbei.png","txt_zhijie.png","标题.png"]],"res/atlas/UI/DressUp.atlas":["UI/DressUp/",["biaoti.png","shipin.png","txt_wancheng.png","xin.png"]],"res/atlas/UI/GameMain.atlas":["UI/GameMain/",["bai.png","hui.png","xiayibu.png"]],"res/atlas/UI/GameStart.atlas":["UI/GameStart/",["genduo.png","hongdian.png","hutui_biaoqian1.png","hutui_biaoqian2.png","hutui_biaoqian3.png","hutui_di.png","hutui_icon.png","jindi_huan.png","jindu_2.png","jindu_di.png","jindu_hui.png","pifu.png","qian.png","qian_di.png","qiandao.png","qipao.png","renwu.png","shezhi.png","xiandin1.png","xiandin2.png"]],"res/atlas/UI/Gift.atlas":["UI/Gift/",["baoxian2.png","baoxian3.png","baoxiang.png","biaoti.png","txt_xiexie.png","txt_zaikai.png"]],"res/atlas/UI/Inherit.atlas":["UI/Inherit/",["bupei.png","jieshou.png","txt_biaoti.png"]],"res/atlas/UI/Loding.atlas":["UI/Loding/",["icon_shear_01.png","icon_shear_02.png","laya.png","pro_01.png","pro_02.png","word_Loding.png"]],"res/atlas/UI/Register.atlas":["UI/Register/",["biaoti.png","qian.png","txt_lingqu.png"]],"res/atlas/UI/Resurgence.atlas":["UI/Resurgence/",["biaoti.png","quan.png","shouhua.png","taicai.png","xin.png"]],"res/atlas/UI/Set.atlas":["UI/Set/",["biaoti.png","cha.png","shengyin.png","tioalv.png","yinxiao.png"]],"res/atlas/UI/Settle.atlas":["UI/Settle/",["caidai_1.png","caidai_2.png","caidai_3.png","caidai_4.png","caidai_5.png","chenggong_biaoti.png","chongxin.png","hutui_kuang.png","putong.png","shibai_biaoti.png","txt_10.png","txt_chongxin.png","txt_kanguangg.png","txt_tiaoguo.png","txt_xiayiguan.png","word.png","x10.png"]],"res/atlas/UI/Share.atlas":["UI/Share/",["biaoti.png","kuang.png","kuang_xia.png","lifaqian_di.png","lifaqian_shang.png","tubiao_1-2.png","tubiao_1.png","tubiao_2.png","tubiao_3.png","txt_cai.png","txt_zhanshi.png"]],"res/atlas/UI/Skin.atlas":["UI/Skin/",["500.png","5002.png","anniu.png","yinying.png"]],"res/atlas/UI/Task.atlas":["UI/Task/",["biaoti.png","di.png","jindu1.png","jindu2.png","jinxing.png","kuang.png","linqu.png","yilingqu.png"]],"res/atlas/UI/XDSkin.atlas":["UI/XDSkin/",["biaoti.png","lingqu.png","tiao1.png","tiao2.png","txt_huoqu.png","txt_leiji.png","txt_xiexie.png"]]}