{"type":"Image","props":{"y":0,"x":0,"width":174,"skin":"UI/GameStart/qian_di.png","presetID":1,"pivotY":28,"pivotX":87,"name":"GoldNode","isPresetRoot":true,"height":56},"compId":486,"child":[{"type":"Image","props":{"y":26,"x":8,"width":88,"skin":"UI/GameStart/qian.png","presetID":2,"pivotY":35,"pivotX":44,"name":"Pic","height":69},"compId":489},{"type":"Label","props":{"y":5.5,"x":48,"width":101,"valign":"middle","text":"9345","presetID":3,"name":"Num","height":46,"fontSize":40,"color":"#2b5f14","bold":true,"align":"center"},"compId":490}],"loadList":["UI/GameStart/qian_di.png","UI/GameStart/qian.png"],"loadList3D":[]}