{"type":"Sprite","props":{"y":0,"x":0,"var":"GoldDisPlay","texture":"UI/GameStart/qian_di.png","presetID":1,"name":"GoldDisPlay","isPresetRoot":true},"compId":430,"child":[{"type":"Image","props":{"y":-10,"x":-41,"skin":"UI/GameStart/qian.png","presetID":2,"name":"Pic"},"compId":432},{"type":"Label","props":{"y":8.75,"x":47,"width":99,"valign":"middle","text":"9345","presetID":3,"name":"Num","height":37,"fontSize":40,"color":"#2b5f14","bold":true,"align":"center"},"compId":434}],"loadList":["UI/GameStart/qian_di.png","UI/GameStart/qian.png"],"loadList3D":[]}