{"type":"Sprite","props":{"y":0,"x":0,"width":720,"presetID":1,"pivotY":47,"pivotX":360,"name":"HintPre_Middle","isPresetRoot":true,"height":94},"compId":41,"child":[{"type":"Image","props":{"y":47,"x":360,"width":720,"skin":"Frame/UI/ui_orthogon_black.png","presetID":4,"pivotY":47,"pivotX":360,"name":"pic","height":94,"alpha":0.8},"compId":45},{"type":"Label","props":{"y":47,"x":358,"width":700,"valign":"middle","text":"金币不够了！","presetID":3,"pivotY":34,"pivotX":350,"name":"dec","height":67,"fontSize":35,"font":"Microsoft YaHei","color":"#ffffff","bold":true,"align":"center"},"compId":43}],"loadList":["Frame/UI/ui_orthogon_black.png"],"loadList3D":[]}