{"type":"Sprite","props":{"y":0,"x":0,"presetID":1,"name":"Task1","isPresetRoot":true},"compId":13,"child":[{"type":"Image","props":{"y":0,"x":0,"width":80,"skin":"Frame/UI/ui_square_012.png","sizeGrid":"17,0,14,0","presetID":2,"name":"Bottom","height":20},"compId":16},{"type":"Image","props":{"y":0,"x":0,"width":80,"skin":"Frame/UI/ui_square_007.png","sizeGrid":"17,0,14,0","presetID":3,"name":"Bar","height":20},"compId":14,"child":[{"type":"Sprite","props":{"y":-3,"x":-2,"width":88,"texture":"Frame/UI/ui_square_006.png","renderType":"mask","presetID":4,"name":"Mask","height":27},"compId":17}]}],"loadList":["Frame/UI/ui_square_012.png","Frame/UI/ui_square_007.png","Frame/UI/ui_square_006.png"],"loadList3D":[]}