{"type":"View","props":{"width":720,"top":0,"right":0,"left":0,"height":1280,"bottom":0},"compId":2,"child":[{"type":"Image","props":{"y":0,"x":0,"var":"Background","skin":"Frame/UI/ui_orthogon_black.png","sizeGrid":"21,18,18,20","name":"Background","alpha":0.7},"compId":132},{"type":"Sprite","props":{"y":284,"x":370,"width":358,"texture":"UI/Settle/shibai_biaoti.png","pivotY":47,"pivotX":179,"name":"Logo","height":93},"compId":123},{"type":"Script","props":{"y":0,"x":0,"runtime":"script/Game/UIDefeated.ts"},"compId":131},{"type":"Sprite","props":{"y":937,"x":198,"width":314,"var":"WeChat","name":"WeChat","height":192},"compId":147,"child":[{"type":"Sprite","props":{"y":0,"x":-3,"width":317,"var":"Select","name":"Select","height":42},"compId":142,"child":[{"type":"Sprite","props":{"y":2,"x":21,"visible":true,"var":"BtnSelect_WeChat","texture":"UI/Common/yuan1.png","name":"BtnSelect_WeChat"},"compId":143,"child":[{"type":"Sprite","props":{"y":8.75,"x":7.75,"var":"Dot","texture":"UI/Common/yuan2.png","name":"Dot"},"compId":144}]},{"type":"Sprite","props":{"y":5.5,"x":61,"texture":"UI/Settle/word.png"},"compId":145}]},{"type":"Sprite","props":{"y":116,"x":160,"width":288,"var":"BtnAgain_WeChat","texture":"UI/Common/anniu.png","pivotY":64,"pivotX":144,"name":"BtnAgain_WeChat","height":128},"compId":136,"child":[{"type":"Sprite","props":{"y":44.5,"x":65,"texture":"UI/Settle/chongxin.png"},"compId":138}]},{"type":"Sprite","props":{"y":116,"x":160,"width":288,"var":"BtnNext_WeChat","texture":"UI/Common/anniu.png","pivotY":64,"pivotX":144,"name":"BtnNext_WeChat","height":128},"compId":124,"child":[{"type":"Sprite","props":{"y":12.5,"x":205,"var":"BtnAdv","texture":"UI/Common/shipin.png","name":"BtnAdv"},"compId":126},{"type":"Sprite","props":{"y":42.5,"x":68,"texture":"UI/Settle/txt_tiaoguo.png"},"compId":128}]}]},{"type":"Sprite","props":{"y":882,"x":199,"width":322,"var":"OPPO","name":"OPPO","height":282},"compId":148,"child":[{"type":"Sprite","props":{"y":227.5,"x":158,"width":121,"var":"BtnAgain_OPPO","texture":"UI/Settle/txt_chongxin.png","pivotY":15,"pivotX":61,"name":"BtnAgain_OPPO","height":29},"compId":153},{"type":"Sprite","props":{"y":116,"x":160,"width":288,"var":"BtnNext_OPPO","texture":"UI/Common/anniu.png","pivotY":64,"pivotX":144,"name":"BtnNext_OPPO","height":128},"compId":155,"child":[{"type":"Sprite","props":{"y":12.5,"x":205,"texture":"UI/Common/shipin.png","name":"BtnAdv"},"compId":156},{"type":"Sprite","props":{"y":42.5,"x":68,"texture":"UI/Settle/txt_tiaoguo.png"},"compId":157}]}]}],"loadList":["Frame/UI/ui_orthogon_black.png","UI/Settle/shibai_biaoti.png","UI/Common/yuan1.png","UI/Common/yuan2.png","UI/Settle/word.png","UI/Common/anniu.png","UI/Settle/chongxin.png","UI/Common/shipin.png","UI/Settle/txt_tiaoguo.png","UI/Settle/txt_chongxin.png"],"loadList3D":[]}