{"type":"View","props":{"width":720,"top":0,"right":0,"left":0,"height":1280,"bottom":0},"compId":2,"child":[{"type":"Image","props":{"var":"Background","skin":"Frame/UI/ui_orthogon_black.png","name":"Background","alpha":0.7},"compId":17,"child":[{"type":"Sprite","props":{"texture":"UI/xiaoguotu/DressUp.png"},"compId":98}]},{"type":"Sprite","props":{"y":906,"x":360,"width":637,"var":"SceneContent","pivotY":345,"pivotX":319,"name":"SceneContent","height":690,"alpha":1},"compId":25,"child":[{"type":"Image","props":{"y":146,"x":15,"width":604,"skin":"UI/Common/dikuang.png","sizeGrid":"45,36,62,35","height":424,"alpha":1},"compId":60},{"type":"List","props":{"y":159.5,"x":40.5,"width":556,"var":"MyList","spaceX":0,"repeatY":2,"repeatX":3,"name":"MyList","height":393},"compId":68,"child":[{"type":"Box","props":{"y":93,"x":93,"width":185,"renderType":"render","pivotY":93,"pivotX":93,"height":186},"compId":67,"child":[{"type":"Image","props":{"y":13,"x":12,"skin":"UI/Common/kuang2.png","name":"Board"},"compId":64},{"type":"Image","props":{"y":7,"x":6,"skin":"UI/Common/xuanzhong.png","name":"Select"},"compId":63},{"type":"Image","props":{"y":38,"x":26,"width":128,"skin":"UI/Shop/Skin/anquanmao.png","name":"Pic","height":110},"compId":66},{"type":"Image","props":{"y":148,"x":92,"width":150,"skin":"UI/Shop/ui_board01.png","pivotY":21,"pivotX":75,"name":"NoHave","height":42},"compId":87,"child":[{"type":"Label","props":{"y":20,"x":88,"width":142,"valign":"middle","text":"3/5","pivotY":16,"pivotX":71,"name":"Dec","height":32,"fontSize":30,"color":"#ffffff","bold":false,"align":"center"},"compId":88},{"type":"Image","props":{"y":7,"x":29,"skin":"UI/Shop/icon_ads.png","name":"Icon"},"compId":89}]},{"type":"Script","props":{"runtime":"script/Game/UIShop_Goods.ts"},"compId":96}]}]},{"type":"Sprite","props":{"y":641,"x":317,"width":288,"var":"BtnComplete","texture":"UI/Common/anniu.png","pivotY":64,"pivotX":144,"name":"BtnComplete","height":128,"alpha":1},"compId":56,"child":[{"type":"Sprite","props":{"y":31,"x":126,"width":77,"texture":"UI/GameStart/qian.png","height":60},"compId":57},{"type":"Sprite","props":{"y":45.5,"x":19,"texture":"UI/Shop/5002.png"},"compId":58},{"type":"Sprite","props":{"y":12.5,"x":205,"texture":"UI/Common/shipin.png"},"compId":59}]},{"type":"Tab","props":{"y":85,"x":47,"width":542,"var":"MyTap","space":13,"selectedIndex":0,"name":"MyTap","height":66},"compId":78,"child":[{"type":"Button","props":{"y":0,"x":-42,"width":172,"stateNum":2,"skin":"UI/Common/btn_yeqian3.png","sizeGrid":"0,48,0,50","name":"item0","labelSize":32,"labelFont":"Microsoft YaHei","labelColors":"#ffffff,#6a54ba,#ffffff","labelBold":true,"label":"剪刀","height":66},"compId":70},{"type":"Button","props":{"y":0,"x":144,"width":172,"stateNum":2,"skin":"UI/Common/btn_yeqian3.png","sizeGrid":"0,48,0,50","name":"item1","labelSize":32,"labelFont":"Microsoft YaHei","labelColors":"#ffffff,#6a54ba,#ffffff","labelBold":true,"label":"剃刀","height":66},"compId":76},{"type":"Button","props":{"y":0,"x":329,"width":172,"stateNum":2,"skin":"UI/Common/btn_yeqian3.png","sizeGrid":"0,48,0,50","name":"item2","labelSize":32,"labelFont":"Microsoft YaHei","labelColors":"#ffffff,#6a54ba,#ffffff","labelBold":true,"labelAlign":"center","label":"装饰","height":66},"compId":77}]}]},{"type":"Script","props":{"runtime":"script/Game/UIShop.ts"},"compId":82},{"type":"Sprite","props":{"y":181,"x":370,"width":458,"var":"Logo","texture":"UI/DressUp/biaoti.png","pivotY":30,"pivotX":229,"name":"Logo","height":59},"compId":99}],"loadList":["Frame/UI/ui_orthogon_black.png","UI/xiaoguotu/DressUp.png","UI/Common/dikuang.png","UI/Common/kuang2.png","UI/Common/xuanzhong.png","UI/Shop/Skin/anquanmao.png","UI/Shop/ui_board01.png","UI/Shop/icon_ads.png","UI/Common/anniu.png","UI/GameStart/qian.png","UI/Shop/5002.png","UI/Common/shipin.png","UI/Common/btn_yeqian3.png","UI/DressUp/biaoti.png"],"loadList3D":[]}