{"type":"View","props":{"width":720,"height":1280},"compId":2,"child":[{"type":"Script","props":{"runtime":"script/Game/UIEasterEgg.ts"},"compId":3},{"type":"Image","props":{"y":0,"x":0,"var":"Bg","skin":"UI/EasterEgg_Aotoman/Task/bj.png","name":"Bg","alpha":1},"compId":4},{"type":"Sprite","props":{"y":194,"x":1,"width":720,"var":"Assembly","name":"Assembly","height":1073,"alpha":1},"compId":13,"child":[{"type":"Image","props":{"y":333,"x":127,"width":174,"var":"Assembly1","skin":"UI/EasterEgg_Aotoman/Task/kuang.png","sizeGrid":"121,0,33,0","pivotY":118,"pivotX":87,"name":"Assembly1","height":236},"compId":8,"child":[{"type":"Image","props":{"y":0,"x":4,"var":"Complete1","skin":"UI/EasterEgg_Aotoman/Task/wancheng.png","name":"Complete1"},"compId":14},{"type":"Sprite","props":{"y":27,"x":68.5,"texture":"UI/EasterEgg_Aotoman/Task/renwu_xiao.png"},"compId":21},{"type":"Label","props":{"y":108,"x":33,"width":107,"valign":"middle","text":"获得皮肤","height":41,"fontSize":25,"color":"#6985f3","bold":true,"align":"center"},"compId":22},{"type":"Label","props":{"y":143,"x":33.5,"width":107,"valign":"middle","text":"咸蛋娃娃","height":41,"fontSize":25,"color":"#6985f3","bold":true,"align":"center"},"compId":23},{"type":"Image","props":{"y":201,"x":125,"width":75,"var":"BtnGoUp","skin":"UI/EasterEgg_Aotoman/Task/qianwang.png","pivotY":15,"pivotX":38,"name":"BtnGoUp","height":30},"compId":43}]},{"type":"Image","props":{"y":208,"x":371,"width":174,"var":"Assembly2","skin":"UI/EasterEgg_Aotoman/Task/kuang.png","sizeGrid":"121,0,33,0","pivotY":92,"pivotX":87,"name":"Assembly2","height":183},"compId":10,"child":[{"type":"Image","props":{"y":0,"x":4,"var":"Complete2","skin":"UI/EasterEgg_Aotoman/Task/wancheng2.png","name":"Complete2"},"compId":15},{"type":"Label","props":{"y":112,"x":34,"width":107,"valign":"middle","text":"登录游戏","height":41,"fontSize":25,"color":"#6985f3","bold":true,"align":"center"},"compId":24},{"type":"Sprite","props":{"y":32,"x":61,"texture":"UI/EasterEgg_Aotoman/Task/1.png"},"compId":38}]},{"type":"Image","props":{"y":361,"x":623,"width":174,"var":"Assembly3","skin":"UI/EasterEgg_Aotoman/Task/kuang.png","sizeGrid":"121,0,33,0","pivotY":118,"pivotX":87,"name":"Assembly3","height":235},"compId":12,"child":[{"type":"Image","props":{"y":0,"x":4,"var":"Complete3","skin":"UI/EasterEgg_Aotoman/Task/wancheng2.png","name":"Complete3"},"compId":20},{"type":"Label","props":{"y":102,"x":31.5,"width":107,"valign":"middle","text":"累计观看","height":41,"fontSize":25,"color":"#6985f3","bold":true,"align":"center"},"compId":25},{"type":"Label","props":{"y":139,"x":34.5,"width":107,"valign":"middle","text":"5次广告","height":41,"fontSize":25,"color":"#6985f3","bold":true,"align":"center"},"compId":26},{"type":"Label","props":{"y":176,"x":36.5,"width":107,"valign":"middle","text":"（5/5）","name":"Num","height":41,"fontSize":25,"color":"#ff6bf4","bold":true,"align":"center"},"compId":27}]},{"type":"Image","props":{"y":745,"x":623,"width":174,"var":"Assembly4","skin":"UI/EasterEgg_Aotoman/Task/kuang.png","sizeGrid":"121,0,33,0","pivotY":118,"pivotX":87,"name":"Assembly4","height":235},"compId":11,"child":[{"type":"Label","props":{"y":110,"x":34,"width":107,"valign":"middle","text":"宝箱获取","height":41,"fontSize":25,"color":"#6985f3","bold":true,"align":"center"},"compId":28},{"type":"Label","props":{"y":147,"x":35,"width":107,"valign":"middle","text":"（0/3）","name":"Num","height":41,"fontSize":25,"color":"#ff6bf4","bold":true,"align":"center"},"compId":29},{"type":"Image","props":{"y":0,"x":4,"var":"Complete4","skin":"UI/EasterEgg_Aotoman/Task/wancheng2.png","name":"Complete4"},"compId":18}]},{"type":"Image","props":{"y":757,"x":118,"width":174,"var":"Assembly5","skin":"UI/EasterEgg_Aotoman/Task/kuang.png","sizeGrid":"121,0,33,0","pivotY":120,"pivotX":87,"name":"Assembly5","height":240},"compId":9,"child":[{"type":"Image","props":{"y":0,"x":4,"var":"Complete5","skin":"UI/EasterEgg_Aotoman/Task/wancheng2.png","name":"Complete5"},"compId":17},{"type":"Label","props":{"y":110,"x":34,"width":107,"valign":"middle","text":"隐藏彩蛋","height":41,"fontSize":25,"color":"#6985f3","bold":true,"align":"center"},"compId":34}]},{"type":"Sprite","props":{"y":822,"x":120,"width":74,"var":"BtnHint","texture":"UI/EasterEgg_Aotoman/Task/tishi.png","pivotY":29,"pivotX":37,"name":"BtnHint","height":57},"compId":35},{"type":"Sprite","props":{"y":277,"x":595.5,"texture":"UI/EasterEgg_Aotoman/Task/2.png"},"compId":39},{"type":"Sprite","props":{"y":667,"x":580,"texture":"UI/EasterEgg_Aotoman/Task/4.png"},"compId":40},{"type":"Sprite","props":{"y":677,"x":78.5,"texture":"UI/EasterEgg_Aotoman/Task/5.png"},"compId":41}]},{"type":"Image","props":{"y":1161,"x":361,"width":288,"var":"BtnInject","skin":"UI/EasterEgg_Aotoman/Task/aniu2.png","pivotY":64,"pivotX":144,"name":"BtnInject","height":128},"compId":37},{"type":"Sprite","props":{"y":120,"x":60,"width":82,"var":"BtnBack","texture":"UI/Common/fanhui.png","pivotY":41,"pivotX":41,"name":"BtnBack","height":82},"compId":42},{"type":"Sprite","props":{"y":0,"x":-800,"var":"DialogHint","name":"DialogHint"},"compId":44,"child":[{"type":"Image","props":{"y":0,"x":4,"width":720,"skin":"Frame/UI/ui_orthogon_black.png","sizeGrid":"22,22,32,22","height":1650,"alpha":0.7},"compId":45},{"type":"Sprite","props":{"y":938,"x":361,"width":288,"var":"BtnConfirm","texture":"UI/Common/anniu.png","pivotY":64,"pivotX":144,"name":"BtnConfirm","height":128},"compId":50,"child":[{"type":"Label","props":{"y":26.5,"x":68,"width":154,"valign":"middle","text":"确认","height":75,"fontSize":60,"color":"#e46415","align":"center"},"compId":51}]},{"type":"Image","props":{"y":485,"x":92,"width":538,"skin":"UI/Common/dikuang.png","sizeGrid":"43,37,50,50","height":340},"compId":48,"child":[{"type":"Sprite","props":{"y":139,"x":269,"width":438,"texture":"UI/EasterEgg_Aotoman/Hint/zi.png","pivotY":55,"pivotX":219,"height":110},"compId":46}]}]},{"type":"Image","props":{"y":747,"x":376,"width":288,"var":"BtnAotuman","pivotY":245,"pivotX":144,"name":"BtnAotuman","height":490},"compId":53},{"type":"Sprite","props":{"y":0,"x":800,"var":"DialogAssembly4","name":"DialogAssembly4"},"compId":54,"child":[{"type":"Image","props":{"y":0,"x":0,"width":720,"skin":"Frame/UI/ui_orthogon_black.png","sizeGrid":"29,25,38,25","height":1650,"alpha":0.7},"compId":55},{"type":"Sprite","props":{"y":163,"x":68,"texture":"UI/EasterEgg_Aotoman/Unworthy/zi.png"},"compId":56},{"type":"Sprite","props":{"y":1004,"x":206,"width":244,"var":"BtnAssembly4No","texture":"UI/EasterEgg_Aotoman/Unworthy/bupei.png","pivotY":55,"pivotX":122,"name":"BtnAssembly4No","height":109},"compId":57},{"type":"Sprite","props":{"y":1004,"x":516,"width":244,"var":"BtnAssembly4Yes","texture":"UI/EasterEgg_Aotoman/Unworthy/jieshou.png","pivotY":55,"pivotX":122,"name":"BtnAssembly4Yes","height":109},"compId":58}]}],"loadList":["UI/EasterEgg_Aotoman/Task/bj.png","UI/EasterEgg_Aotoman/Task/kuang.png","UI/EasterEgg_Aotoman/Task/wancheng.png","UI/EasterEgg_Aotoman/Task/renwu_xiao.png","UI/EasterEgg_Aotoman/Task/qianwang.png","UI/EasterEgg_Aotoman/Task/wancheng2.png","UI/EasterEgg_Aotoman/Task/1.png","UI/EasterEgg_Aotoman/Task/tishi.png","UI/EasterEgg_Aotoman/Task/2.png","UI/EasterEgg_Aotoman/Task/4.png","UI/EasterEgg_Aotoman/Task/5.png","UI/EasterEgg_Aotoman/Task/aniu2.png","UI/Common/fanhui.png","Frame/UI/ui_orthogon_black.png","UI/Common/anniu.png","UI/Common/dikuang.png","UI/EasterEgg_Aotoman/Hint/zi.png","UI/EasterEgg_Aotoman/Unworthy/zi.png","UI/EasterEgg_Aotoman/Unworthy/bupei.png","UI/EasterEgg_Aotoman/Unworthy/jieshou.png"],"loadList3D":[]}