{"type":"Scene","props":{"width":720,"name":"UILoding","height":1280},"compId":2,"child":[{"type":"Image","props":{"y":780,"x":375,"width":720,"skin":"loding/bg_01.png","pivotY":780,"pivotX":375,"height":1559,"alpha":1},"compId":24},{"type":"Sprite","props":{"y":446,"x":360,"width":599,"var":"Logo","texture":"loding/logo.png","pivotY":143,"pivotX":300,"name":"Logo","height":263},"compId":25},{"type":"Sprite","props":{"y":1193,"x":365,"width":141,"var":"Word","texture":"loding/word_loding.png","pivotY":19,"pivotX":71,"name":"Word","height":38},"compId":30},{"type":"Sprite","props":{"y":1250,"x":360,"width":478,"var":"Progress","pivotY":28,"pivotX":239,"name":"Progress","height":55},"compId":33,"child":[{"type":"Sprite","props":{"y":28,"x":0,"width":478,"texture":"loding/load.png","pivotY":28,"height":55},"compId":35},{"type":"Image","props":{"y":28,"x":7,"width":464,"var":"ProgressBar","skin":"loding/load$bar.png","sizeGrid":"0,24,0,25","pivotY":21,"name":"ProgressBar","height":41},"compId":37,"child":[{"type":"Sprite","props":{"y":-11,"x":-478,"width":480,"var":"Mask","texture":"loding/bg_01.png","renderType":"mask","name":"Mask","height":71},"compId":39}]}]},{"type":"Script","props":{"y":0,"x":0,"runtime":"script/Game/UILoding.ts"},"compId":21}],"loadList":["loding/bg_01.png","loding/logo.png","loding/word_loding.png","loding/load.png","loding/load$bar.png"],"loadList3D":[]}