{"type":"Scene","props":{"width":720,"height":1280},"compId":2,"child":[{"type":"Script","props":{"y":0,"x":0,"TaskProgress":"@Prefab:Prefab/TaskProgress.prefab","Prefab":"@Prefab:Prefab/TaskProgress.prefab","runtime":"script/Game/UIOperation.ts"},"compId":3},{"type":"Sprite","props":{"y":987,"x":343,"width":134,"var":"Rocker","texture":"Frame/UI/ui_circle_006.png","pivotY":67,"pivotX":67,"name":"Rocker","height":134,"alpha":0},"compId":4},{"type":"Sprite","props":{"y":1103,"x":627,"width":190,"var":"BtnLast","texture":"UI/GameMain/xiayibu.png","pivotY":54,"pivotX":95,"name":"BtnLast","height":108},"compId":5},{"type":"Sprite","props":{"y":267,"x":439,"width":260,"var":"Dialogue","texture":"UI/GameStart/qipao.png","pivotY":145,"pivotX":45,"name":"Dialogue","height":145},"compId":6,"child":[{"type":"Label","props":{"y":29,"x":20,"width":224,"valign":"middle","text":"理发三部曲！","name":"Dec","height":57,"fontSize":28,"color":"#d9501b","bold":true,"align":"center"},"compId":9}]},{"type":"Sprite","props":{"y":93,"x":372,"var":"TaskBar","pivotY":31,"pivotX":197,"name":"TaskBar"},"compId":10}],"loadList":["Prefab/TaskProgress.prefab","Frame/UI/ui_circle_006.png","UI/GameMain/xiayibu.png","UI/GameStart/qipao.png"],"loadList3D":[]}