{"type":"View","props":{"width":720,"height":1280},"compId":2,"child":[{"type":"Script","props":{"TaskProgress":"@Prefab:Prefab/TaskProgress.prefab","Prefab":"@Prefab:Prefab/TaskProgress.prefab","runtime":"script/Game/UIOperation.ts"},"compId":3},{"type":"Sprite","props":{"y":987,"x":343,"width":134,"var":"Rocker","texture":"Frame/UI/ui_circle_006.png","pivotY":67,"pivotX":67,"name":"Rocker","height":134,"alpha":0},"compId":4},{"type":"Sprite","props":{"y":1104,"x":611,"width":143,"var":"BtnLast","texture":"Frame/UI/ui_square_c_005.png","pivotY":72,"pivotX":72,"name":"BtnLast","height":144},"compId":9,"child":[{"type":"Sprite","props":{"y":22.25,"x":21.75,"width":100,"texture":"Frame/UI/ui_circle_c_006.png","height":100},"compId":10},{"type":"Label","props":{"y":77,"x":72,"width":82,"valign":"middle","text":"下一个","pivotY":17,"pivotX":41,"height":33,"fontSize":25,"font":"Microsoft YaHei","bold":true,"align":"center"},"compId":11}]},{"type":"Sprite","props":{"y":129,"x":360,"width":376,"var":"TaskBar","pivotY":41,"pivotX":188,"name":"TaskBar","height":82},"compId":12}],"loadList":["Prefab/TaskProgress.prefab","Frame/UI/ui_circle_006.png","Frame/UI/ui_square_c_005.png","Frame/UI/ui_circle_c_006.png"],"loadList3D":[]}