{"type":"View","props":{"width":720,"height":1280},"compId":2,"child":[{"type":"Image","props":{"y":0,"x":0,"var":"Background","skin":"Frame/UI/ui_orthogon_black.png","sizeGrid":"32,18,32,16","name":"Background","alpha":0.7},"compId":3},{"type":"Sprite","props":{"y":688,"x":368,"width":642,"var":"SceneContent","pivotY":468,"pivotX":325,"name":"SceneContent","height":892},"compId":6,"child":[{"type":"Sprite","props":{"y":-16,"x":138,"texture":"UI/Resurgence/biaoti.png"},"compId":25},{"type":"Sprite","props":{"y":267,"x":217.5,"texture":"UI/Resurgence/xin.png"},"compId":27},{"type":"Sprite","props":{"y":175,"x":146.5,"texture":"UI/Resurgence/quan.png"},"compId":26},{"type":"Sprite","props":{"y":535,"x":200.5,"texture":"UI/Resurgence/shouhua.png"},"compId":28},{"type":"Sprite","props":{"y":799,"x":317,"width":544,"var":"BtnResurgence","texture":"UI/Resurgence/anniu.png","pivotY":102,"pivotX":272,"name":"BtnResurgence","height":203},"compId":29},{"type":"Sprite","props":{"y":956,"x":318,"width":281,"var":"BtnNo","texture":"UI/Resurgence/taicai.png","pivotY":20,"pivotX":141,"name":"BtnNo","height":39},"compId":30}]},{"type":"Script","props":{"runtime":"script/Game/UIResurgence.ts"},"compId":31}],"loadList":["Frame/UI/ui_orthogon_black.png","UI/Resurgence/biaoti.png","UI/Resurgence/xin.png","UI/Resurgence/quan.png","UI/Resurgence/shouhua.png","UI/Resurgence/anniu.png","UI/Resurgence/taicai.png"],"loadList3D":[]}