{"type":"View","props":{"width":720,"top":0,"right":0,"left":0,"height":1280,"bottom":0},"compId":2,"child":[{"type":"Image","props":{"var":"Background","skin":"Frame/UI/ui_orthogon_black.png","name":"Background","alpha":0.7},"compId":17},{"type":"Sprite","props":{"y":655,"x":369,"width":642,"var":"SceneContent","pivotY":468,"pivotX":325,"name":"SceneContent","height":892},"compId":25,"child":[{"type":"Image","props":{"y":37,"x":36,"width":556,"skin":"UI/Common/dikuang.png","sizeGrid":"33,44,66,43","height":717,"alpha":1},"compId":28},{"type":"Image","props":{"y":78,"x":78,"width":472,"var":"BigPhoto","skin":"UI/Share/kuang.png","sizeGrid":"87,74,180,67","name":"BigPhoto","height":422},"compId":31},{"type":"Image","props":{"y":500,"x":77,"skin":"UI/Share/kuang_xia.png"},"compId":32},{"type":"Sprite","props":{"y":-1,"x":-15,"texture":"UI/Share/lifaqian_di.png"},"compId":29,"child":[{"type":"Image","props":{"y":10,"x":19.5,"var":"SmallPhoto","skin":"UI/Share/lifaqian_shang.png","name":"SmallPhoto"},"compId":30}]},{"type":"Sprite","props":{"y":962,"x":314,"width":211,"var":"BtnNoShare","texture":"UI/Share/txt_cai.png","pivotY":15,"pivotX":106,"name":"BtnNoShare","height":29},"compId":36},{"type":"Sprite","props":{"y":849,"x":315,"width":288,"var":"BtnShare","texture":"UI/Common/anniu.png","pivotY":64,"pivotX":144,"name":"BtnShare","height":128},"compId":34,"child":[{"type":"Sprite","props":{"y":42.5,"x":77.5,"texture":"UI/Share/txt_zhanshi.png"},"compId":35}]}]},{"type":"Script","props":{"runtime":"script/Game/UIShare.ts"},"compId":37}],"loadList":["Frame/UI/ui_orthogon_black.png","UI/Common/dikuang.png","UI/Share/kuang.png","UI/Share/kuang_xia.png","UI/Share/lifaqian_di.png","UI/Share/lifaqian_shang.png","UI/Share/txt_cai.png","UI/Common/anniu.png","UI/Share/txt_zhanshi.png"],"loadList3D":[]}