{"type":"View","props":{"width":720,"top":0,"right":0,"left":0,"height":1280,"bottom":0},"compId":2,"child":[{"type":"Image","props":{"var":"Background","skin":"UI/Common/bg.png","name":"Background","alpha":1},"compId":17},{"type":"Sprite","props":{"y":720,"x":368,"width":642,"var":"SceneContent","pivotY":468,"pivotX":325,"name":"SceneContent","height":892,"alpha":0},"compId":25},{"type":"Image","props":{"y":489,"x":60,"width":604,"skin":"UI/Common/dikuang.png","sizeGrid":"45,36,62,35","height":627,"alpha":1},"compId":60},{"type":"Sprite","props":{"y":1193,"x":204,"width":288,"var":"BtnBuy","texture":"UI/Shop/anniu.png","pivotY":64,"pivotX":144,"name":"BtnBuy","height":128,"alpha":1},"compId":53,"child":[{"type":"Sprite","props":{"y":31,"x":122,"width":77,"texture":"UI/GameStart/qian.png","height":60},"compId":55},{"type":"Sprite","props":{"y":45,"x":40,"texture":"UI/Shop/500.png"},"compId":54}]},{"type":"Sprite","props":{"y":1193,"x":516,"width":288,"var":"BtnGetGold","texture":"UI/Common/anniu.png","pivotY":64,"pivotX":144,"name":"BtnGetGold","height":128,"alpha":1},"compId":56,"child":[{"type":"Sprite","props":{"y":31,"x":126,"width":77,"texture":"UI/GameStart/qian.png","height":60},"compId":57},{"type":"Sprite","props":{"y":45.5,"x":19,"texture":"UI/Shop/5002.png"},"compId":58},{"type":"Sprite","props":{"y":12.5,"x":205,"texture":"UI/Common/shipin.png"},"compId":59}]},{"type":"List","props":{"y":519,"x":85,"width":556,"var":"MyList","spaceX":0,"repeatY":3,"repeatX":3,"name":"MyList","height":559},"compId":68,"child":[{"type":"Box","props":{"y":93,"x":93,"width":185,"renderType":"render","pivotY":93,"pivotX":93,"height":186},"compId":67,"child":[{"type":"Image","props":{"y":13,"x":12,"skin":"UI/Common/kuang2.png","name":"Board"},"compId":64},{"type":"Image","props":{"y":7,"x":6,"skin":"UI/Common/xuanzhong.png","name":"Select"},"compId":63},{"type":"Image","props":{"y":38,"x":26,"width":128,"skin":"UI/Shop/Skin/anquanmao.png","name":"Pic","height":110},"compId":66},{"type":"Image","props":{"y":148,"x":92,"width":150,"skin":"UI/Shop/ui_board01.png","pivotY":21,"pivotX":75,"name":"NoHave","height":42},"compId":87,"child":[{"type":"Label","props":{"y":20,"x":88,"width":142,"valign":"middle","text":"3/5","pivotY":16,"pivotX":71,"name":"Dec","height":32,"fontSize":30,"color":"#ffffff","bold":false,"align":"center"},"compId":88},{"type":"Image","props":{"y":7,"x":29,"skin":"UI/Shop/icon_ads.png","name":"Icon"},"compId":89}]},{"type":"Script","props":{"runtime":"script/Game/UIShop_Goods.ts"},"compId":96}]}]},{"type":"Tab","props":{"y":363,"x":127.5,"var":"MyTap","space":9,"selectedIndex":0,"name":"MyTap"},"compId":78,"child":[{"type":"Button","props":{"y":1,"x":0,"width":151,"stateNum":2,"skin":"UI/Common/btn_yeqian3.png","sizeGrid":"0,48,0,50","name":"item0","labelSize":32,"labelFont":"Microsoft YaHei","labelColors":"#6a54ba,#ffffff,#ffffff","labelBold":true,"label":"剪刀","height":66},"compId":70},{"type":"Button","props":{"y":1,"x":158,"width":151,"stateNum":2,"skin":"UI/Common/btn_yeqian3.png","sizeGrid":"0,48,0,50","name":"item1","labelSize":32,"labelFont":"Microsoft YaHei","labelColors":"#6a54ba,#ffffff,#ffffff","labelBold":true,"label":"剃刀","height":66},"compId":76},{"type":"Button","props":{"y":1,"x":324,"width":151,"stateNum":2,"skin":"UI/Common/btn_yeqian3.png","sizeGrid":"0,48,0,50","name":"item2","labelSize":32,"labelFont":"Microsoft YaHei","labelColors":"#6a54ba,#ffffff,#ffffff","labelBold":true,"labelAlign":"center","label":"装饰","height":66},"compId":77}]},{"type":"Sprite","props":{"y":424,"x":44,"texture":"UI/Shop/penzi.png"},"compId":52},{"type":"Sprite","props":{"y":303,"x":173,"texture":"UI/Shop/yinying.png"},"compId":81},{"type":"Image","props":{"y":110,"x":216.5,"var":"Dispaly","skin":"UI/Shop/Skin/anquanmao.png","name":"Dispaly"},"compId":79},{"type":"Sprite","props":{"y":96,"x":63,"width":82,"var":"BtnBack","texture":"UI/Common/fanhui.png","pivotY":41,"pivotX":41,"name":"BtnBack","height":82},"compId":80},{"type":"Script","props":{"runtime":"script/Game/UIShop.ts"},"compId":82}],"loadList":["UI/Common/bg.png","UI/Common/dikuang.png","UI/Shop/anniu.png","UI/GameStart/qian.png","UI/Shop/500.png","UI/Common/anniu.png","UI/Shop/5002.png","UI/Common/shipin.png","UI/Common/kuang2.png","UI/Common/xuanzhong.png","UI/Shop/Skin/anquanmao.png","UI/Shop/ui_board01.png","UI/Shop/icon_ads.png","UI/Common/btn_yeqian3.png","UI/Shop/penzi.png","UI/Shop/yinying.png","UI/Common/fanhui.png"],"loadList3D":[]}