{"type":"View","props":{"width":720,"top":0,"right":0,"left":0,"height":1280,"bottom":0},"compId":2,"child":[{"type":"Image","props":{"var":"Background","skin":"Frame/UI/ui_orthogon_black.png","sizeGrid":"41,21,37,32","name":"Background","alpha":0.7},"compId":17},{"type":"Sprite","props":{"y":720,"x":368,"width":642,"var":"SceneContent","pivotY":468,"pivotX":325,"name":"SceneContent","height":892},"compId":25,"child":[{"type":"Sprite","props":{"y":-66,"x":326,"width":408,"var":"Logo","texture":"UI/Share/biaoti.png","pivotY":29,"pivotX":204,"name":"Logo","height":58},"compId":39},{"type":"Image","props":{"y":404,"x":328,"width":556,"var":"BigFrame","skin":"UI/Common/dikuang.png","sizeGrid":"33,44,66,43","pivotY":367,"pivotX":292,"name":"BigFrame","height":717,"alpha":1},"compId":28,"child":[{"type":"Image","props":{"y":41,"x":42,"width":472,"var":"BigPhoto","skin":"UI/Share/kuang.png","sizeGrid":"87,74,180,67","name":"BigPhoto","height":422},"compId":31},{"type":"Image","props":{"y":463,"x":41,"width":474,"skin":"UI/Share/kuang_xia.png","sizeGrid":"0,15,0,14","height":196,"alpha":1},"compId":32},{"type":"Sprite","props":{"y":536.5,"x":64,"texture":"UI/Share/fire.png"},"compId":41},{"type":"Label","props":{"y":542,"x":96,"width":179,"valign":"middle","text":"热度        °C","height":29,"fontSize":30,"color":"#ea1c6f","bold":true,"align":"left"},"compId":42},{"type":"Label","props":{"y":543,"x":155,"width":69,"var":"HotNum","valign":"middle","text":"500","name":"HotNum","height":29,"fontSize":30,"color":"#ea1c6f","bold":true,"align":"center"},"compId":43},{"type":"Image","props":{"y":555,"x":346,"width":38,"var":"Icon_hand","skin":"UI/Share/tubiao_1.png","pivotY":19,"pivotX":19,"name":"Icon_hand","height":38},"compId":44},{"type":"Sprite","props":{"y":537.5,"x":393,"texture":"UI/Share/tubiao_2.png"},"compId":47},{"type":"Sprite","props":{"y":538,"x":456,"texture":"UI/Share/tubiao_3.png"},"compId":45},{"type":"Sprite","props":{"y":537.5,"x":456,"texture":"UI/Share/tubiao_3.png"},"compId":48},{"type":"Label","props":{"y":596,"x":60.5,"width":71,"valign":"middle","text":"阿坤：","height":37,"fontSize":30,"color":"#323236","bold":true,"align":"center"},"compId":49},{"type":"Label","props":{"y":596,"x":141,"width":130,"valign":"middle","text":"酷啊兄弟！","height":37,"fontSize":30,"color":"#66676b","bold":true,"align":"center"},"compId":50}]},{"type":"Sprite","props":{"y":-1,"x":-15,"var":"SmallFram","texture":"UI/Share/lifaqian_di.png","name":"SmallFrame"},"compId":29,"child":[{"type":"Image","props":{"y":16,"x":34,"width":151,"var":"SmallPhoto","skin":"UI/Share/Photo/1.png","sizeGrid":"23,12,16,27","rotation":4.9,"name":"SmallPhoto","height":113},"compId":30}]},{"type":"Sprite","props":{"y":958,"x":315,"width":211,"var":"BtnNoShare","texture":"UI/Share/txt_cai.png","pivotY":15,"pivotX":106,"name":"BtnNoShare","height":29},"compId":36},{"type":"Sprite","props":{"y":843,"x":315,"width":288,"var":"BtnShare","texture":"UI/Common/anniu.png","pivotY":64,"pivotX":144,"name":"BtnShare","height":128},"compId":34,"child":[{"type":"Sprite","props":{"y":42.5,"x":77.5,"texture":"UI/Share/txt_zhanshi.png"},"compId":35}]},{"type":"Sprite","props":{"y":843,"x":315,"width":288,"var":"BtnComplete","texture":"UI/Common/anniu.png","pivotY":64,"pivotX":144,"name":"BtnComplete","height":128},"compId":56,"child":[{"type":"Sprite","props":{"y":42.5,"x":100.5,"texture":"UI/UISkin/txt_wancheng.png"},"compId":57}]}]},{"type":"Script","props":{"runtime":"script/Game/UIShare.ts"},"compId":37}],"loadList":["Frame/UI/ui_orthogon_black.png","UI/Share/biaoti.png","UI/Common/dikuang.png","UI/Share/kuang.png","UI/Share/kuang_xia.png","UI/Share/fire.png","UI/Share/tubiao_1.png","UI/Share/tubiao_2.png","UI/Share/tubiao_3.png","UI/Share/lifaqian_di.png","UI/Share/Photo/1.png","UI/Share/txt_cai.png","UI/Common/anniu.png","UI/Share/txt_zhanshi.png","UI/UISkin/txt_wancheng.png"],"loadList3D":[]}