{"type":"View","props":{"y":0,"x":0,"width":720,"visible":true,"height":1280},"compId":2,"child":[{"type":"Sprite","props":{"y":104,"x":65,"width":47,"var":"BtnSet","texture":"UI/GameStart/shezhi.png","pivotY":27,"pivotX":24,"name":"BtnSet","height":54},"compId":423},{"type":"Sprite","props":{"y":894,"x":651,"width":116,"var":"BtnCheck","texture":"UI/GameStart/qiandao.png","pivotY":59,"pivotX":58,"name":"BtnCheck","height":117},"compId":424},{"type":"Sprite","props":{"y":1033,"x":651,"width":116,"var":"BtnSkin","texture":"UI/GameStart/pifu.png","pivotY":59,"pivotX":58,"name":"BtnSkin","height":117},"compId":425},{"type":"Sprite","props":{"y":882,"x":84,"width":154,"var":"BtnXDSkin","texture":"UI/GameStart/xiandin2.png","pivotY":74,"pivotX":77,"name":"BtnXDSkin","height":147},"compId":426,"child":[{"type":"Sprite","props":{"y":-13,"x":85,"texture":"UI/GameStart/xiandin1.png"},"compId":427}]},{"type":"Sprite","props":{"y":1033,"x":65,"width":116,"var":"BtnTaske","texture":"UI/GameStart/renwu.png","pivotY":59,"pivotX":58,"name":"BtnTaske","height":117},"compId":428},{"type":"Sprite","props":{"y":591,"x":0,"var":"BtnMore","texture":"UI/GameStart/genduo.png","name":"BtnMore"},"compId":429},{"type":"Sprite","props":{"y":157,"x":111,"width":510,"var":"LevelDisplay","name":"LevelDisplay","height":85},"compId":435,"child":[{"type":"Image","props":{"y":33,"x":43,"width":428,"skin":"UI/GameStart/jindu_di.png","sizeGrid":"0,9,0,10","height":28},"compId":443},{"type":"Sprite","props":{"var":"LevelStyle","name":"LevelStyle"},"compId":445,"child":[{"type":"Sprite","props":{"y":10,"x":423,"width":75,"name":"location_04","height":70},"compId":462,"child":[{"type":"Image","props":{"y":26,"x":-48,"width":64,"skin":"UI/GameStart/jindu_2.png","sizeGrid":"0,16,0,7","name":"Color","height":18},"compId":454},{"type":"Image","props":{"y":0,"x":0,"skin":"UI/GameStart/jindu_hui.png","name":"Pic"},"compId":455},{"type":"FontClip","props":{"y":14,"x":15,"width":36,"value":"15","spaceX":-10,"skin":"UI/Common/shuzi2.png","sheet":"0123456789","name":"Num","height":41,"align":"center"},"compId":459}]},{"type":"Sprite","props":{"y":10,"x":319,"width":75,"name":"location_03","height":70},"compId":467,"child":[{"type":"Image","props":{"y":26,"x":-48,"width":64,"skin":"UI/GameStart/jindu_2.png","sizeGrid":"0,16,0,7","name":"Color","height":18},"compId":468},{"type":"Image","props":{"y":0,"x":0,"skin":"UI/GameStart/jindi_huan.png","name":"Pic"},"compId":469},{"type":"FontClip","props":{"y":14,"x":15,"width":36,"value":"15","spaceX":-10,"skin":"UI/Common/shuzi2.png","sheet":"0123456789","name":"Num","height":41,"align":"center"},"compId":470}]},{"type":"Sprite","props":{"y":10,"x":217,"width":75,"name":"location_02","height":70},"compId":471,"child":[{"type":"Image","props":{"y":26,"x":-48,"width":64,"skin":"UI/GameStart/jindu_2.png","sizeGrid":"0,16,0,7","name":"Color","height":18},"compId":472},{"type":"Image","props":{"y":0,"x":0,"skin":"UI/GameStart/jindi_huan.png","name":"Pic"},"compId":473},{"type":"FontClip","props":{"y":14,"x":15,"width":36,"value":"15","spaceX":-10,"skin":"UI/Common/shuzi2.png","sheet":"0123456789","name":"Num","height":41,"align":"center"},"compId":474}]},{"type":"Sprite","props":{"y":10,"x":113,"width":75,"name":"location_01","height":70},"compId":475,"child":[{"type":"Image","props":{"y":26,"x":-48,"width":64,"skin":"UI/GameStart/jindu_2.png","sizeGrid":"0,16,0,7","name":"Color","height":18},"compId":476},{"type":"Image","props":{"y":0,"x":0,"skin":"UI/GameStart/jindi_huan.png","name":"Pic"},"compId":477},{"type":"FontClip","props":{"y":14,"x":15,"width":36,"value":"15","spaceX":-10,"skin":"UI/Common/shuzi2.png","sheet":"0123456789","name":"Num","height":41,"align":"center"},"compId":478}]},{"type":"Sprite","props":{"y":10,"x":10,"width":75,"name":"location_00","height":70},"compId":479,"child":[{"type":"Image","props":{"y":0,"x":0,"skin":"UI/GameStart/jindi_huan.png","name":"Pic"},"compId":481},{"type":"FontClip","props":{"y":14,"x":15,"width":36,"value":"15","spaceX":-10,"skin":"UI/Common/shuzi2.png","sheet":"0123456789","name":"Num","height":41,"align":"center"},"compId":482}]}]}]},{"type":"Script","props":{"runtime":"script/Game/UIStart.ts"},"compId":484}],"loadList":["UI/GameStart/shezhi.png","UI/GameStart/qiandao.png","UI/GameStart/pifu.png","UI/GameStart/xiandin2.png","UI/GameStart/xiandin1.png","UI/GameStart/renwu.png","UI/GameStart/genduo.png","UI/GameStart/jindu_di.png","UI/GameStart/jindu_2.png","UI/GameStart/jindu_hui.png","UI/Common/shuzi2.png","UI/GameStart/jindi_huan.png"],"loadList3D":[]}