{"type":"View","props":{"y":0,"x":0,"width":720,"visible":true,"height":1280},"compId":2,"child":[{"type":"Image","props":{"y":0,"x":0,"var":"Background","skin":"UI/Common/bg.png","sizeGrid":"378,186,605,186","name":"Background","alpha":0},"compId":494},{"type":"Sprite","props":{"y":894,"x":651,"width":116,"var":"BtnCheck","texture":"UI/GameStart/qiandao.png","pivotY":59,"pivotX":58,"name":"BtnCheck","height":117},"compId":424},{"type":"Sprite","props":{"y":1033,"x":651,"width":116,"var":"BtnSkin","texture":"UI/GameStart/pifu.png","pivotY":59,"pivotX":58,"name":"BtnSkin","height":117},"compId":425},{"type":"Sprite","props":{"y":882,"x":84,"width":154,"var":"BtnXDSkin","texture":"UI/GameStart/xiandin2.png","pivotY":74,"pivotX":77,"name":"BtnXDSkin","height":147},"compId":426,"child":[{"type":"Image","props":{"y":63,"x":77,"width":100,"var":"Aotuman","skin":"UI/Shop/Props/xiandanren.png","pivotY":60,"pivotX":50,"name":"Aotuman","height":120},"compId":495},{"type":"Sprite","props":{"y":-13,"x":85,"texture":"UI/GameStart/xiandin1.png"},"compId":427}]},{"type":"Sprite","props":{"y":1033,"x":65,"width":116,"var":"BtnTask","texture":"UI/GameStart/renwu.png","pivotY":59,"pivotX":58,"name":"BtnTask","height":117},"compId":428},{"type":"Sprite","props":{"y":591,"x":0,"visible":false,"var":"BtnMore","texture":"UI/GameStart/genduo.png","name":"BtnMore"},"compId":429},{"type":"Sprite","props":{"y":157,"x":111,"width":510,"var":"LevelDisplay","name":"LevelDisplay","height":85},"compId":435,"child":[{"type":"Image","props":{"y":33,"x":43,"width":428,"skin":"UI/GameStart/jindu_di.png","sizeGrid":"0,9,0,10","height":28},"compId":443},{"type":"Sprite","props":{"var":"LevelStyle","name":"LevelStyle"},"compId":445,"child":[{"type":"Sprite","props":{"y":10,"x":423,"width":75,"name":"location_04","height":70},"compId":462,"child":[{"type":"Image","props":{"y":26,"x":-48,"width":64,"skin":"UI/GameStart/jindu_2.png","sizeGrid":"0,16,0,7","name":"Color","height":18},"compId":454},{"type":"Image","props":{"y":0,"x":0,"skin":"UI/GameStart/jindu_hui.png","name":"Pic"},"compId":455},{"type":"FontClip","props":{"y":14,"x":15,"width":36,"value":"15","spaceX":-10,"skin":"UI/Common/shuzi2.png","sheet":"0123456789","name":"Num","height":41,"align":"center"},"compId":459}]},{"type":"Sprite","props":{"y":10,"x":319,"width":75,"name":"location_03","height":70},"compId":467,"child":[{"type":"Image","props":{"y":26,"x":-48,"width":64,"skin":"UI/GameStart/jindu_2.png","sizeGrid":"0,16,0,7","name":"Color","height":18},"compId":468},{"type":"Image","props":{"y":0,"x":0,"skin":"UI/GameStart/jindi_huan.png","name":"Pic"},"compId":469},{"type":"FontClip","props":{"y":14,"x":15,"width":36,"value":"15","spaceX":-10,"skin":"UI/Common/shuzi2.png","sheet":"0123456789","name":"Num","height":41,"align":"center"},"compId":470}]},{"type":"Sprite","props":{"y":10,"x":217,"width":75,"name":"location_02","height":70},"compId":471,"child":[{"type":"Image","props":{"y":26,"x":-48,"width":64,"skin":"UI/GameStart/jindu_2.png","sizeGrid":"0,16,0,7","name":"Color","height":18},"compId":472},{"type":"Image","props":{"y":0,"x":0,"skin":"UI/GameStart/jindi_huan.png","name":"Pic"},"compId":473},{"type":"FontClip","props":{"y":14,"x":15,"width":36,"value":"15","spaceX":-10,"skin":"UI/Common/shuzi2.png","sheet":"0123456789","name":"Num","height":41,"align":"center"},"compId":474}]},{"type":"Sprite","props":{"y":10,"x":113,"width":75,"name":"location_01","height":70},"compId":475,"child":[{"type":"Image","props":{"y":26,"x":-48,"width":64,"skin":"UI/GameStart/jindu_2.png","sizeGrid":"0,16,0,7","name":"Color","height":18},"compId":476},{"type":"Image","props":{"y":0,"x":0,"skin":"UI/GameStart/jindi_huan.png","name":"Pic"},"compId":477},{"type":"FontClip","props":{"y":14,"x":15,"width":36,"value":"15","spaceX":-10,"skin":"UI/Common/shuzi2.png","sheet":"0123456789","name":"Num","height":41,"align":"center"},"compId":478}]},{"type":"Sprite","props":{"y":10,"x":10,"width":75,"name":"location_00","height":70},"compId":479,"child":[{"type":"Image","props":{"y":0,"x":0,"skin":"UI/GameStart/jindi_huan.png","name":"Pic"},"compId":481},{"type":"FontClip","props":{"y":14,"x":15,"width":36,"value":"15","spaceX":-10,"skin":"UI/Common/shuzi2.png","sheet":"0123456789","name":"Num","height":41,"align":"center"},"compId":482}]}]}]},{"type":"Script","props":{"runtime":"script/Game/UIStart.ts"},"compId":484},{"type":"Sprite","props":{"y":1150,"x":365,"width":279,"var":"Guide","texture":"UI/GameStart/ui_guide.png","pivotY":64,"pivotX":140,"name":"Guide","height":128},"compId":496,"child":[{"type":"Sprite","props":{"y":0,"x":65,"var":"Hand","texture":"UI/GameStart/icon_hand.png","name":"Hand"},"compId":497}]},{"type":"Sprite","props":{"y":-300,"x":428,"width":104,"var":"EasterEgg_Aotuman","pivotY":73,"pivotX":52,"name":"EasterEgg_Aotuman","height":145},"compId":498,"child":[{"type":"Image","props":{"y":-21,"x":26,"var":"Clamp","name":"Clamp"},"compId":500,"child":[{"type":"Image","props":{"y":80,"x":18,"var":"LeftClamp","skin":"UI/EasterEgg_Aotoman/GameStart/zhazi_2.png","scaleX":-1,"rotation":0,"name":"LeftClamp"},"compId":501},{"type":"Image","props":{"y":82,"x":34,"width":30,"var":"RightClamp","skin":"UI/EasterEgg_Aotoman/GameStart/zhazi_2.png","rotation":0,"name":"RightClamp","height":55},"compId":499},{"type":"Sprite","props":{"texture":"UI/EasterEgg_Aotoman/GameStart/zhuazi_1.png"},"compId":505}]},{"type":"Image","props":{"y":118,"x":52,"width":33,"var":"PicAotuman","skin":"UI/EasterEgg_Aotoman/GameStart/renwu_xiao.png","pivotY":31,"pivotX":17,"name":"PicAotuman","height":61},"compId":502}]},{"type":"Sprite","props":{"y":714,"x":635,"width":166,"var":"BtnAotuman","texture":"UI/EasterEgg_Aotoman/GameStart/zhujiem.png","pivotY":89,"pivotX":83,"name":"BtnAotuman","height":178},"compId":504}],"animations":[{"nodes":[{"target":497,"keyframes":{"y":[{"value":0,"tweenMethod":"linearNone","tween":true,"target":497,"key":"y","index":0},{"value":25,"tweenMethod":"linearNone","tween":true,"target":497,"key":"y","index":5},{"value":56,"tweenMethod":"linearNone","tween":true,"target":497,"key":"y","index":10},{"value":96,"tweenMethod":"linearNone","tween":true,"target":497,"key":"y","index":15},{"value":108,"tweenMethod":"linearNone","tween":true,"target":497,"key":"y","index":20},{"value":92,"tweenMethod":"linearNone","tween":true,"target":497,"key":"y","index":25},{"value":52,"tweenMethod":"linearNone","tween":true,"target":497,"key":"y","index":30},{"value":13.5,"tweenMethod":"linearNone","tween":true,"target":497,"key":"y","index":35},{"value":2,"tweenMethod":"linearNone","tween":true,"target":497,"key":"y","index":40},{"value":25.5,"tweenMethod":"linearNone","tween":true,"target":497,"key":"y","index":45},{"value":63,"tweenMethod":"linearNone","tween":true,"target":497,"key":"y","index":50},{"value":94,"tweenMethod":"linearNone","tween":true,"target":497,"key":"y","index":55},{"value":105,"tweenMethod":"linearNone","tween":true,"target":497,"key":"y","index":60},{"value":97.5,"tweenMethod":"linearNone","tween":true,"target":497,"key":"y","index":65},{"value":50,"tweenMethod":"linearNone","tween":true,"target":497,"key":"y","index":70},{"value":19,"tweenMethod":"linearNone","tween":true,"target":497,"key":"y","index":75},{"value":0,"tweenMethod":"linearNone","tween":true,"target":497,"label":null,"key":"y","index":80}],"x":[{"value":67,"tweenMethod":"linearNone","tween":true,"target":497,"key":"x","index":0},{"value":103.5,"tweenMethod":"linearNone","tween":true,"target":497,"key":"x","index":5},{"value":130,"tweenMethod":"linearNone","tween":true,"target":497,"key":"x","index":10},{"value":204,"tweenMethod":"linearNone","tween":true,"target":497,"key":"x","index":20},{"value":243,"tweenMethod":"linearNone","tween":true,"target":497,"key":"x","index":25},{"value":263,"tweenMethod":"linearNone","tween":true,"target":497,"key":"x","index":30},{"value":208,"tweenMethod":"linearNone","tween":true,"target":497,"key":"x","index":40},{"value":160.25,"tweenMethod":"linearNone","tween":true,"target":497,"key":"x","index":45},{"value":134.5,"tweenMethod":"linearNone","tween":true,"target":497,"key":"x","index":50},{"value":61,"tweenMethod":"linearNone","tween":true,"target":497,"key":"x","index":60},{"value":1,"tweenMethod":"linearNone","tween":true,"target":497,"key":"x","index":70},{"value":17,"tweenMethod":"linearNone","tween":true,"target":497,"key":"x","index":75},{"value":67,"tweenMethod":"linearNone","tween":true,"target":497,"label":null,"key":"x","index":80}]}},{"target":496,"keyframes":{"y":[{"value":1150,"tweenMethod":"linearNone","tween":true,"target":496,"key":"y","index":0}]}}],"name":"guide","id":1,"frameRate":35,"action":2}],"loadList":["UI/Common/bg.png","UI/GameStart/qiandao.png","UI/GameStart/pifu.png","UI/GameStart/xiandin2.png","UI/Shop/Props/xiandanren.png","UI/GameStart/xiandin1.png","UI/GameStart/renwu.png","UI/GameStart/genduo.png","UI/GameStart/jindu_di.png","UI/GameStart/jindu_2.png","UI/GameStart/jindu_hui.png","UI/Common/shuzi2.png","UI/GameStart/jindi_huan.png","UI/GameStart/ui_guide.png","UI/GameStart/icon_hand.png","UI/EasterEgg_Aotoman/GameStart/zhazi_2.png","UI/EasterEgg_Aotoman/GameStart/zhuazi_1.png","UI/EasterEgg_Aotoman/GameStart/renwu_xiao.png","UI/EasterEgg_Aotoman/GameStart/zhujiem.png"],"loadList3D":[]}