{"type":"View","props":{"width":720,"height":1280},"compId":2,"child":[{"type":"Image","props":{"y":0,"x":0,"width":720,"var":"Background","skin":"Frame/UI/ui_orthogon_black.png","sizeGrid":"5,6,5,10","name":"Background","height":1280,"alpha":0.7},"compId":8},{"type":"Sprite","props":{"y":640,"x":351,"width":582,"var":"SceneContent","pivotY":451,"pivotX":288,"name":"SceneContent","height":902,"alpha":1},"compId":10,"child":[{"type":"Image","props":{"y":193,"x":-3,"width":602,"skin":"UI/Common/dikuang.png","sizeGrid":"31,28,45,34","height":648,"alpha":1},"compId":62},{"type":"Sprite","props":{"y":-91,"x":54,"texture":"UI/VictoryBox/baoxiang.png"},"compId":86},{"type":"Image","props":{"y":149,"x":131,"width":334,"skin":"UI/Common/biaotidi.png","sizeGrid":"0,57,0,67","height":86},"compId":84,"child":[{"type":"Sprite","props":{"y":23,"x":44.5,"texture":"UI/VictoryBox/biaoti.png"},"compId":85}]},{"type":"List","props":{"y":222,"x":-3,"width":599,"var":"BoxList","spaceY":-50,"spaceX":-50,"repeatY":3,"repeatX":3,"name":"BoxList","height":571},"compId":73,"child":[{"type":"Box","props":{"y":114,"x":118,"width":235,"renderType":"render","pivotY":114,"pivotX":118,"height":227},"compId":72,"child":[{"type":"Image","props":{"y":31,"x":36,"skin":"UI/Common/kuang2.png","name":"BordPic"},"compId":67},{"type":"Image","props":{"y":104,"x":72,"skin":"UI/GameStart/qian.png","name":"Pic_Gold"},"compId":70},{"type":"Label","props":{"y":63,"x":84,"width":67,"valign":"middle","text":"999","name":"Num","height":29,"fontSize":35,"font":"Microsoft YaHei","color":"#ffffff","bold":true,"align":"center"},"compId":71},{"type":"Image","props":{"y":119,"x":116,"width":119,"skin":"UI/VictoryBox/baoxian3.png","pivotY":50,"pivotX":60,"name":"Pic_Box","height":99},"compId":69},{"type":"Script","props":{"runtime":"script/Game/UIVictoryBox_Cell.ts"},"compId":80},{"type":"Sprite","props":{"y":31,"x":36,"visible":false,"var":"Automan","texture":"UI/Common/kuang1.png","name":"Automan"},"compId":91,"child":[{"type":"Sprite","props":{"y":66,"x":33,"texture":"UI/EasterEgg_Aotoman/Task/4.png"},"compId":90}]},{"type":"Image","props":{"y":25,"x":30,"var":"Select","skin":"UI/Common/xuanzhong.png","name":"Select"},"compId":87}]}]},{"type":"Sprite","props":{"y":918,"x":270,"var":"BtnAgain","texture":"UI/Common/anniu.png","pivotY":63,"pivotX":117,"name":"BtnAgain"},"compId":74,"child":[{"type":"Sprite","props":{"y":45.5,"x":33,"texture":"UI/VictoryBox/txt_zaikai.png"},"compId":75},{"type":"Sprite","props":{"y":12.5,"x":204,"texture":"UI/Common/shipin.png"},"compId":76}]},{"type":"Sprite","props":{"y":1028,"x":288,"width":121,"var":"BtnNo","texture":"UI/VictoryBox/txt_xiexie.png","pivotY":15,"pivotX":61,"name":"BtnNo","height":29},"compId":77}]},{"type":"Script","props":{"runtime":"script/Game/UIVictoryBox.ts"},"compId":78}],"loadList":["Frame/UI/ui_orthogon_black.png","UI/Common/dikuang.png","UI/VictoryBox/baoxiang.png","UI/Common/biaotidi.png","UI/VictoryBox/biaoti.png","UI/Common/kuang2.png","UI/GameStart/qian.png","UI/VictoryBox/baoxian3.png","UI/Common/kuang1.png","UI/EasterEgg_Aotoman/Task/4.png","UI/Common/xuanzhong.png","UI/Common/anniu.png","UI/VictoryBox/txt_zaikai.png","UI/Common/shipin.png","UI/VictoryBox/txt_xiexie.png"],"loadList3D":[]}