{"type":"View","props":{"width":720,"height":1280},"compId":2,"child":[{"type":"Image","props":{"y":0,"x":0,"width":720,"skin":"Frame/UI/ui_square_012.png","name":"Background","height":1280,"alpha":0.5},"compId":6},{"type":"Sprite","props":{"y":257,"x":87.5,"width":545,"var":"SceneContent","texture":"Frame/UI/ui_square_c_007.png","name":"SceneContent","height":699},"compId":7,"child":[{"type":"Sprite","props":{"y":223.5,"x":210,"texture":"Frame/UI/ui_square_008.png"},"compId":10},{"type":"Sprite","props":{"y":766,"x":273,"width":238,"var":"BtnNext","pivotY":49,"pivotX":119,"name":"BtnNext","height":97},"compId":11,"child":[{"type":"Sprite","props":{"y":0,"x":0,"width":238,"texture":"Frame/UI/ui_square_006.png","height":97},"compId":12},{"type":"Label","props":{"y":22.75,"x":33.75,"width":168,"valign":"middle","text":"下一关","italic":false,"height":53,"fontSize":40,"bold":true,"align":"center"},"compId":13}]}]},{"type":"Script","props":{"runtime":"script/Game/UIVictory.ts"},"compId":14}],"loadList":["Frame/UI/ui_square_012.png","Frame/UI/ui_square_c_007.png","Frame/UI/ui_square_008.png","Frame/UI/ui_square_006.png"],"loadList3D":[]}