{"type":"View","props":{"width":720,"top":0,"right":0,"left":0,"height":1280,"bottom":0},"compId":2,"child":[{"type":"Script","props":{"y":0,"x":0,"runtime":"script/Game/UIVictory.ts"},"compId":15},{"type":"Image","props":{"var":"Background","skin":"Frame/UI/ui_orthogon_black.png","name":"Background","alpha":0.7},"compId":17},{"type":"Sprite","props":{"y":346,"x":612,"width":154,"var":"Multiply10","texture":"UI/Settle/x10.png","pivotY":69,"pivotX":77,"name":"Multiply10","height":137},"compId":3},{"type":"Sprite","props":{"y":284,"x":370,"width":358,"var":"Logo","texture":"UI/Settle/chenggong_biaoti.png","pivotY":48,"pivotX":179,"name":"Logo","height":95},"compId":4},{"type":"Sprite","props":{"y":440,"x":360,"width":263,"var":"GlodNum","pivotY":43,"pivotX":132,"name":"GlodNum","height":86},"compId":5,"child":[{"type":"Sprite","props":{"texture":"UI/GameStart/qian.png","scaleY":1.1,"scaleX":1.1},"compId":8},{"type":"Label","props":{"y":13,"x":101,"width":151,"valign":"middle","text":"x9254","name":"Num","height":54,"fontSize":55,"color":"#ffffff","bold":true,"align":"center"},"compId":9}]},{"type":"Sprite","props":{"y":1115,"x":358,"width":288,"var":"BtnAdv","texture":"UI/Common/anniu.png","pivotY":64,"pivotX":144,"name":"BtnAdv","height":128},"compId":6,"child":[{"type":"Sprite","props":{"y":12.5,"x":205,"texture":"UI/Common/shipin.png","name":"BtnAdv"},"compId":10},{"type":"Sprite","props":{"y":44.5,"x":33,"texture":"UI/Settle/txt_10.png"},"compId":11}]},{"type":"Sprite","props":{"y":993,"x":205,"width":306,"var":"Select","name":"Select","height":42},"compId":7,"child":[{"type":"Sprite","props":{"y":2,"x":21,"var":"BtnSelect","texture":"UI/Common/yuan1.png","name":"BtnSelect"},"compId":12,"child":[{"type":"Sprite","props":{"y":8.75,"x":7.75,"var":"Dot","texture":"UI/Common/yuan2.png","name":"Dot"},"compId":13}]},{"type":"Sprite","props":{"y":3,"x":57,"texture":"UI/Settle/txt_kanguangg.png"},"compId":14}]},{"type":"Sprite","props":{"y":1115,"x":358,"width":288,"var":"BtnNormal","texture":"UI/Common/anniu.png","pivotY":64,"pivotX":144,"name":"BtnNormal","height":128},"compId":21,"child":[{"type":"Sprite","props":{"y":44.5,"x":65,"texture":"UI/Settle/putong.png"},"compId":23}]}],"loadList":["Frame/UI/ui_orthogon_black.png","UI/Settle/x10.png","UI/Settle/chenggong_biaoti.png","UI/GameStart/qian.png","UI/Common/anniu.png","UI/Common/shipin.png","UI/Settle/txt_10.png","UI/Common/yuan1.png","UI/Common/yuan2.png","UI/Settle/txt_kanguangg.png","UI/Settle/putong.png"],"loadList3D":[]}