{"RECORDS":[{"name":"lifadao","getway":"gold","condition":800,"resCondition":800,"arrange":4,"getOder":3,"have":false},{"name":"jiandao","getway":"free","condition":-1,"resCondition":-1,"arrange":1,"getOder":1,"have":true},{"name":"dianjupian","getway":"gold","condition":500,"resCondition":500,"arrange":3,"getOder":2,"have":false},{"name":"dianju","getway":"gold","condition":1000,"resCondition":1000,"arrange":2,"getOder":4,"have":false},{"name":"yingguangbang","getway":"ads","condition":3,"resCondition":0,"arrange":5,"getOder":-1,"have":false},{"name":"xiandanren","getway":"adsXD","condition":3,"resCondition":0,"arrange":7,"getOder":-1,"have":false}]}